#機關:中華電信 彰化營運處,年度:115,月份:4,來源:TAIS_budget_115_20260429_0901.csv
明細帳,會計項目,本月動支數,本月餘額,本月預算數,至本月預算數累計,累計動支率,本年度預算,年度動支率,剩餘可動支數,預算主管單位,費用分類,分類代碼
A201,市話接續費－市話,0,59357,50000,194000,30.6,590000,10.06,530643,服務中心,業務成本,C.05
A202,市話接續費－長話,0,116555,37000,139000,83.85,419000,27.82,302445,服務中心,業務成本,C.05
A207,市話接續費－公話,0,233,0,1000,23.3,1000,23.3,767,服務中心,業務成本,C.05
A212,公用電話攤分費－公話撥叫行動電話攤分費,0,18246,5000,20000,91.23,57000,32.01,38754,服務中心,業務成本,C.05
A261,Ｅ.１６４用戶號碼網路電話接續費－市話,0,544,0,1000,54.4,1000,54.4,456,服務中心,業務成本,C.05
A288,行動接續費─市話,0,1227339,397000,1550000,79.18,4622000,26.55,3394661,服務中心,業務成本,C.05
A289,行動接續費─ＩＮ,0,0,0,0,,0,,0,服務中心,業務成本,C.05
R20,行銷推廣費(重分類使用),0,-4000,0,0,,0,,4000,,業務成本,C.03
R25,修理保養及材料費(重分類使用),-988368,-3426777,-758000,-3032000,113.02,-9096000,37.67,-5669223,,設備及折舊,E.3.4
R33,商品成本(重分類使用),-560995,-3367370,0,0,,0,,3367370,,業務成本,C.04
R92,其他費用(重分類使用),-16399,-111357,0,0,,0,,111357,,管銷費用,F.3.3
1131,員工薪金－職階待遇,30155509,123903899,32337000,126990000,97.57,379233000,32.67,255329101,人發駐點,人事費,A.1
1132,員工薪金－職務待遇,3382583,13913799,3741000,14754000,94.31,44203000,31.48,30289201,人發駐點,人事費,A.1
122,臨時職員薪金,0,99130,76000,298000,33.27,888000,11.16,788870,人發駐點,人事費,A.1
123,臨時人員獎金,0,0,1000,2000,0,5000,0,5000,人發駐點,人事費,A.1
1311,加班誤餐費－一般加班費,279087,2022776,587000,2693000,75.11,8663000,23.35,6640224,人發駐點,人事費,A.1
1312,加班誤餐費－員工不休假加班費,676949,2923855,821000,3239000,90.27,10113000,28.91,7189145,人發駐點,人事費,A.1
1313,加班誤餐費－員工不休假加班費－保留休假,0,1042394,343000,1343000,77.62,4427000,23.55,3384606,人發駐點,人事費,A.1
1314,加班誤餐費－補休未休畢加班費,-319842,98534,53000,258000,38.19,616000,16,517466,人發駐點,人事費,A.1
142,主管津貼,105600,421566,122000,475000,88.75,1424000,29.6,1002434,人發駐點,人事費,A.1
144,育嬰留職停薪津貼,45800,138139,30000,120000,115.12,358000,38.59,219861,人發駐點,人事費,A.1
145,伙食津貼,1362000,5573324,1425000,5650000,98.64,17130000,32.54,11556676,人發駐點,人事費,A.1
147,交通津貼,1135000,4520243,1154000,4568000,98.95,13890000,32.54,9369757,人發駐點,人事費,A.1
1481,出納津貼－經管銀錢津貼,1465,5390,1000,4000,134.75,10000,53.9,4610,人發駐點,人事費,A.1
1491,其他津貼－兼任駕駛津貼,382449,1202099,403000,1587000,75.75,4728000,25.43,3525901,人發駐點,人事費,A.1
1511,績效獎金－績效獎金,7257778,29637719,7907000,31191000,95.02,93412000,31.73,63774281,人發駐點,人事費,A.1
153,企業化特別獎金,6889257,28167234,6652000,26608000,105.86,79818000,35.29,51650766,人發駐點,人事費,A.1
1541,考核獎金－考核折發獎金,117271,465303,155000,610000,76.28,1824000,25.51,1358697,人發駐點,人事費,A.1
155,年節獎金,4441253,18184405,4775000,18833000,96.56,56396000,32.24,38211595,人發駐點,人事費,A.1
156,全勤獎金,1163236,4606507,1203000,4746000,97.06,14212000,32.41,9605493,人發駐點,人事費,A.1
157,員工酬勞,4088307,16720044,3811000,15244000,109.68,45742000,36.55,29021956,人發駐點,人事費,A.1
1592,其他獎金－久任人員獎勵金,51170,202292,76000,297000,68.11,886000,22.83,683708,人發駐點,人事費,A.1
1599,其他獎金－其他,0,0,4000,14000,0,44000,0,44000,人發駐點,人事費,A.1
1611,退休金－舊制,1458721,5962853,1265000,5060000,117.84,15180000,39.28,9217147,人發駐點,人事費,A.1
1612,退休金－新制,37854,3770182,1207000,4768000,79.07,14277000,26.41,10506818,人發駐點,人事費,A.1
163,卹償金,244678,970684,306000,1206000,80.49,3615000,26.85,2644316,人發駐點,人事費,A.1
165,確定福利計畫利息費用,-285270,-1117955,,,,,,,人發駐點,人事費,A.1
18111,分擔員工保險費－分擔員工勞保費,3687,5735288,2041000,8052000,71.23,24108000,23.79,18372712,人發駐點,人事費,A.1
18112,分擔員工保險費－分擔員工一般健保費,4572,3522297,1239000,4886000,72.09,14628000,24.08,11105703,人發駐點,人事費,A.1
1812,分擔員工及眷屬保險費－分擔員工眷屬一般健保費,2560,2007722,698000,2757000,72.82,8259000,24.31,6251278,人發駐點,人事費,A.1
1813,全民健保雇主補充保險費,488734,2363354,564000,2224000,106.27,6655000,35.51,4291646,人發駐點,人事費,A.1
183,傷病醫藥費,0,0,,,,,,,,人事費,A.1
183A,傷病醫藥費－健康檢查,0,0,20000,80000,0,1926000,0,1926000,職業安全衛生科,人事費,A.1
183B,傷病醫藥費－健康促進,0,0,1000,3000,0,94000,0,94000,職業安全衛生科,人事費,A.1
183C,傷病醫藥費－諮詢,0,0,20000,80000,0,240000,0,240000,職業安全衛生科,人事費,A.1
183D,傷病醫藥費－其他,0,0,0,240000,0,240000,0,240000,職業安全衛生科,人事費,A.1
1851,提撥福利金－按營收提撥數,573268,2409557,616000,2432000,99.08,7289000,33.06,4879443,人發駐點,人事費,A.1
186,體育活動費,0,9261,31000,124000,7.47,380000,2.44,370739,人發駐點,人事費,A.1
1891,其他福利費－退休人員慰問金,0,970800,1000,926000,104.84,1017000,95.46,46200,人發駐點,人事費,A.1
1894,其他福利費－休假補助費,210439,1448090,517000,2042000,70.92,6115000,23.68,4666910,人發駐點,人事費,A.1
1895,其他福利費－員工持股信託獎勵金,1050720,4289677,1126000,4445000,96.51,13306000,32.24,9016323,人發駐點,人事費,A.1
1896,其他福利費－員工子女教育補助費,63047,252188,82000,322000,78.32,961000,26.24,708812,人發駐點,人事費,A.1
18981,其他福利費－留才增給金-持股信託,759306,3007373,729000,2877000,104.53,8619000,34.89,5611627,人發駐點,人事費,A.1
18982,其他福利費－留才增給金-福利儲蓄,5400,21600,6000,24000,90,73000,29.59,51400,人發駐點,人事費,A.1
1899,其他福利費－其他,142000,403000,144000,570000,70.7,1704000,23.65,1301000,人發駐點,人事費,A.1
201A1,行銷推廣費－CPE業務,2577,13372,3000,25000,53.49,62000,21.57,48628,行銷科,業務成本,C.03
201T1,行銷推廣費－OTT業務,0,0,1000,4000,0,24000,0,24000,行銷科,業務成本,C.03
20101,ＭＯＤ業務－ＭＯＤ業務,55,16638,3000,38000,43.78,98000,16.98,81362,行銷科,業務成本,C.03
20112,市話業務－市話電子帳單,0,7550,,,,,,,行銷科,業務成本,C.03
2013G,行銷推廣費－行動電話業務－行動寬頻業務（不劃帳）,3947,13568,5000,20000,67.84,98000,13.84,84432,行銷科,業務成本,C.03
20130,行銷推廣費－行動電話業務－Disney 行動促案,0,9081,6000,22000,41.28,94000,9.66,84919,行銷科,業務成本,C.03
20139,行動電話業務－行動電話業務－Netflix行動促案,0,713826,146000,752000,94.92,1880000,37.97,1166174,行銷科,業務成本,C.03
20153,電路出租業務－ＷiFi業務,0,-72564,1000,4000,-1814.1,24000,-302.35,96564,行銷科,業務成本,C.03
20154,電路出租業務－ＦＴＴｘ,0,34535,5000,20000,172.68,92000,37.54,57465,行銷科,業務成本,C.03
20181,行銷推廣費－數據業務－Netflix固網促案,0,121259,32000,184000,65.9,295000,41.1,173741,行銷科,業務成本,C.03
20182,行銷推廣費－數據業務－Disney 固網促案,0,1927,3000,10000,19.27,42000,4.59,40073,行銷科,業務成本,C.03
20194,行銷推廣費－企業形象推廣,,,0,0,,0,,,,業務成本,C.03
20195,行銷推廣費－ESG活動,0,0,9000,36000,0,111000,0,111000,行銷科,業務成本,C.03
20199,行銷推廣費－其他－其他,4900,11225,4000,16000,70.16,65000,17.27,53775,行銷科,業務成本,C.03
2021,客製化產品行銷推廣費－市話網路,1598,1598,2000,2000,79.9,2000,79.9,402,企業客戶科,業務成本,C.03
2029,客製化產品行銷推廣費－其他,15000,30000,25000,25000,120,135000,22.22,105000,企業客戶科,業務成本,C.03
2031A,行銷業務推廣激勵獎金－銷售商品,170,2165,0,0,,4000,54.13,1835,行銷科,業務成本,C.03
20319,行銷業務推廣激勵獎金－其他,13340,-136170,17000,68000,-200.25,200000,-68.09,336170,行銷科,業務成本,C.03
2041B,行銷業務推廣代理佣金－行動寬頻5G,0,0,6000,24000,0,71000,0,71000,行銷科,業務成本,C.02
2041C,行銷業務推廣代理佣金－行動寬頻,85,7178,6000,24000,29.91,70000,10.25,62822,行銷科,業務成本,C.02
2041E,行銷業務推廣代理佣金－WiFi商務,0,36915,31000,46000,80.25,107000,34.5,70085,行銷科,業務成本,C.02
2041F,行銷業務推廣代理佣金－ＦＴＴｘ,84914,185593,7000,153000,121.3,223000,83.23,37407,行銷科,業務成本,C.02
2041K,行銷業務推廣代理佣金─其他,129948,520642,4000,472000,110.31,535000,97.32,14358,行銷科,業務成本,C.02
2041P,行銷業務推廣代理佣金─承攬門市業務,468875,6101225,143000,7603000,80.25,8964000,68.06,2862775,行銷科,業務外包,B.3
2041T,行銷業務推廣代理佣金－OTT,0,0,2000,8000,0,22000,0,22000,行銷科,業務成本,C.02
2041W,行銷業務推廣代理佣金─WiFi,0,0,2000,8000,0,22000,0,22000,行銷科,業務成本,C.02
20411,行銷業務推廣代理佣金－ＭＯＤ,4373,14783,10000,65000,22.74,151000,9.79,136217,行銷科,業務成本,C.02
20412,行銷業務推廣代理佣金－市話,28,28,2000,8000,0.35,25000,0.11,24972,行銷科,業務成本,C.02
20415,行銷業務推廣代理佣金－網際網路及加值,5827,68035,7000,97000,70.14,159000,42.79,90965,行銷科,業務成本,C.02
20417,行銷業務推廣代理佣金－公話,0,57393,4000,17000,337.61,53000,108.29,-4393,行銷科,業務成本,C.02
20418,行銷業務推廣代理佣金－銷售商品,63095,309603,7000,140000,221.15,215000,144,-94603,行銷科,業務成本,C.02
2042F,客製化產品業務推廣代理佣金－ＦＴＴｘ,0,-9,0,0,,42000,-0.02,42009,企業客戶科,業務成本,C.02
205A1,點數行銷推廣費－CPE業務,-1393,74186,63000,192000,38.64,192000,38.64,117814,行銷科,業務成本,C.03
20501,點數行銷推廣費─ＭＯＤ業務－ＭＯＤ業務,-1,-1,,,,,,,行銷科,業務成本,C.03
20537,點數行銷推廣費─行動電話業務－銷售商品,15,15,,,,,,,行銷科,業務成本,C.03
2059,點數行銷推廣費－其他,-1,-1,,,,,,,行銷科,業務成本,C.03
2072C,取得合約增額成本攤銷-客戶合約佣金-行動寬頻（行銷）,182246,726825,0,469000,154.97,469000,154.97,-257825,行銷科,業務成本,C.02
2072D,取得合約增額成本攤銷-客戶合約佣金- MOD,72907,293733,0,229000,128.27,229000,128.27,-64733,行銷科,業務成本,C.02
2072F,取得合約增額成本攤銷-客戶合約佣金-電路出租,,,0,0,,0,,,行銷科,業務成本,C.02
2072G,取得合約增額成本攤銷-客戶合約佣金-網際網路及加值,,,0,0,,0,,,行銷科,業務成本,C.02
2072I,取得合約增額成本攤銷-客戶合約佣金- FTTX,500384,2026413,0,1476000,137.29,1476000,137.29,-550413,行銷科,業務成本,C.02
2072J,取得合約增額成本攤銷-客戶合約佣金- WIFI,,,0,0,,0,,,行銷科,業務成本,C.02
2072T,取得合約增額成本攤銷-客戶合約佣金-行動寬頻5G（行銷）,142012,471390,0,169000,278.93,169000,278.93,-302390,行銷科,業務成本,C.02
2111,動力費－契約電費,0,1073165,385000,1507000,71.21,5614000,19.12,4540835,網路維運中心,設備及折舊,E.4
2112,動力費－流動電費,-17214,12133362,2954000,15244000,79.59,54964000,22.08,42830638,網路維運中心,設備及折舊,E.4
2119,動力費－其他,125,790,,,,,,,網路維運中心,設備及折舊,E.4
2121,工作場所電費－基本電費,0,216509,79000,321000,67.45,1104000,19.61,887491,行政管理科,設備及折舊,E.4
2122,工作場所電費－流動電費,-246303,815006,388000,1631000,49.97,5822000,14,5006994,行政管理科,設備及折舊,E.4
2129,工作場所電費－其他,0,121,,,,,,,行政管理科,設備及折舊,E.4
2141,工作場所水費－基本水費,5552,28086,6000,26000,108.02,80000,35.11,51914,行政管理科,設備及折舊,E.4
2142,工作場所水費－流動水費,20039,85372,15000,91000,93.82,320000,26.68,234628,行政管理科,設備及折舊,E.4
2149,工作場所水費－其他,9288,38011,7000,39000,97.46,136000,27.95,97989,行政管理科,設備及折舊,E.4
2211,郵費－一般公務用郵費,20082,53679,20000,77000,69.71,233000,23.04,179321,行政管理科,管銷費用,F.3.3
2213,郵費－行銷業務用郵費,3320,21645,8000,34000,63.66,98000,22.09,76355,行銷科,管銷費用,F.3.3
2219,郵費－其他,0,56,0,0,,0,,-56,行政管理科,管銷費用,F.3.3
2221,電話費－公務電話費,0,0,2000,8000,0,32000,0,32000,行政管理科,管銷費用,F.3.3
2311,臺澎金馬地區旅費－員工公務臺澎金馬地區旅費,67573,220418,95000,400000,55.1,1411000,15.62,1190582,人發駐點,管銷費用,F.3.3
2312,臺澎金馬地區旅費－工會臺澎金馬地區旅費,3787,29513,,,,,,,人發駐點,管銷費用,F.3.3
2313,臺澎金馬地區旅費－職工福利會臺澎金馬地區旅費,0,0,,,,,,,人發駐點,管銷費用,F.3.3
2342,專力費－公文遞送費,40714,162856,62000,246000,66.2,745000,21.86,582144,行政管理科,管銷費用,F.3.3
2351,一般物品運費,0,0,6000,24000,0,77000,0,77000,供應科,管銷費用,F.3.3
2412,印刷及裝訂費－法令帳冊表報印刷費,7738,16709,17000,68000,24.57,290000,5.76,273291,供應科,管銷費用,F.3.2
2414,印刷及裝訂費－複製費,0,69977,22000,70000,99.97,215000,32.55,145023,行政管理科,管銷費用,F.3.2
251,土地改良物維護費,87852,204355,41000,130000,157.2,686000,29.79,481645,行政管理科,設備及折舊,E.3.3
25211,一般房屋修護費－修繕費,1006983,2744363,984000,4235000,64.8,14758000,18.6,12013637,行政管理科,設備及折舊,E.3.3
25212,一般房屋修護費－清潔費,321996,1240635,326000,1304000,95.14,3918000,31.67,2677365,行政管理科,設備及折舊,E.3.3
253,資訊設備修護費,5714,28300,56000,224000,12.63,662000,4.27,633700,資通科,設備及折舊,E.3.3
2541A,電信線路設備修護費－ＡＤＳＬ移機發包費,0,91328,35000,136000,67.15,430000,21.24,338672,第一客戶網路中心,設備及折舊,E.3.1
2541B,電信線路設備修護費－ＡＤＳＬ裝機發包費,0,238827,306000,1185000,20.15,3721000,6.42,3482173,第一客戶網路中心,設備及折舊,E.3.1
2541E,電信線路設備修護費－圖資維護費,0,1234112,450000,1800000,68.56,5400000,22.85,4165888,第一客戶網路中心,設備及折舊,E.3.1
2541F,電信線路設備修護費－ＦＴＴＸ移機發包費,33713,745678,307000,1191000,62.61,3740000,19.94,2994322,第一客戶網路中心,設備及折舊,E.3.1
2541G,電信線路設備修護費－ＦＴＴＸ裝機發包費,0,5773218,2153000,8344000,69.19,26199000,22.04,20425782,第一客戶網路中心,設備及折舊,E.3.1
2541K,電信線路設備修護費－ＭＯＤ移機發包費,0,168777,75000,290000,58.2,909000,18.57,740223,第一客戶網路中心,設備及折舊,E.3.1
2541L,電信線路設備修護費－ＭＯＤ裝機發包費,0,676881,272000,1052000,64.34,3306000,20.47,2629119,第一客戶網路中心,設備及折舊,E.3.1
2541P,電信線路設備修護費－客戶端設備及其附屬設備查修交付承攬費,6549929,26189527,6677000,26687000,98.14,80210000,32.65,54020473,第一客戶網路中心,業務外包,B.1
2541Q,電信線路設備修護費－管道維護工程發包費,-1790,5103505,1346000,4509000,113.18,18298000,27.89,13194495,第一客戶網路中心,設備及折舊,E.3.1
2541T,電信線路設備修護費－測量台工作交付承攬費,810700,3231716,822000,3259000,99.16,10705000,30.19,7473284,第一客戶網路中心,業務外包,B.1
25411,電信線路設備修護費－纜線維護工程發包費,67003,4687886,2042000,8014000,58.5,24604000,19.05,19916114,第一客戶網路中心,設備及折舊,E.3.1
25412,電信線路設備修護費－纜線維護食宿費,291585,799011,257000,892000,89.58,3131000,25.52,2331989,第一客戶網路中心,設備及折舊,E.3.1
25413,電信線路設備修護費－運屯費,0,0,1000,3000,0,6000,0,6000,第一客戶網路中心,設備及折舊,E.3.1
25414,電信線路設備修護費－移機發包費,0,563296,284000,1099000,51.26,3450000,16.33,2886704,第一客戶網路中心,設備及折舊,E.3.1
25415,電信線路設備修護費－裝機發包費,0,394667,181000,701000,56.3,2200000,17.94,1805333,第一客戶網路中心,設備及折舊,E.3.1
25418,電信線路設備修護費－線路人員服裝洗燙費,42853,107787,36000,131000,82.28,493000,21.86,385213,第一客戶網路中心,設備及折舊,E.3.1
25419,電信線路設備修護費－纜線－其他,60774,589468,162000,600000,98.24,2311000,25.51,1721532,第一客戶網路中心,設備及折舊,E.3.1
25422,電信機械設備修護費－維護機械食宿費,87220,309372,80000,317000,97.59,956000,32.36,646628,網路維運中心,設備及折舊,E.3.2
25423,電信機械設備修護費－運屯費,0,0,10000,40000,0,120000,0,120000,網路維運中心,設備及折舊,E.3.2
25424,電信機械設備修護費－電信機具維護費,137596,671624,425000,1700000,39.51,5100000,13.17,4428376,網路維運中心,設備及折舊,E.3.2
25425,電信機械設備修護費－公務用交換設備維護費,937352,4307110,990000,3960000,108.77,11880000,36.26,7572890,網路維運中心,設備及折舊,E.3.2
25426,電信機械設備修護費－機房人員服裝洗燙費,1362,3450,3000,12000,28.75,36000,9.58,32550,網路維運中心,設備及折舊,E.3.2
25427,電信機械設備修護費－數據設備維護費,627071,2557924,846000,3384000,75.59,10152000,25.2,7594076,網路維運中心,設備及折舊,E.3.2
25428,電信機械設備修護費－客戶端交換設備維護費,0,19048,12000,69000,27.61,227000,8.39,207952,資通科,設備及折舊,E.3.2
25429,電信機械設備修護費－其他,13161,88992,120000,500000,17.8,1480000,6.01,1391008,網路維運中心,設備及折舊,E.3.2
25471,公用電話維護費－公話維護食宿費,15118,34476,17000,69000,49.97,210000,16.42,175524,第一客戶網路中心,設備及折舊,E.3.3
25472,公用電話維護費－公話裝移機工什費,0,0,1000,3000,0,11000,0,11000,第一客戶網路中心,設備及折舊,E.3.3
25473,公用電話維護費－數幣機維護等費,0,4600,1000,3000,153.33,10000,46,5400,第一客戶網路中心,設備及折舊,E.3.3
25474,公用電話維護費－公用電話機及附屬設備修護費,0,0,0,0,,250000,0,250000,第一客戶網路中心,設備及折舊,E.3.3
25476,公用電話維護費－公話用電費,0,1310,0,1000,131,4000,32.75,2690,第一客戶網路中心,設備及折舊,E.4
25477,公用電話維護費－公話人員服裝洗燙費,1243,3001,1000,4000,75.03,17000,17.65,13999,第一客戶網路中心,設備及折舊,E.3.3
25479,公用電話維護費－其他,6000,6000,1000,3000,200,10000,60,4000,第一客戶網路中心,設備及折舊,E.3.3
255,運輸設備修護費,148440,587560,177000,680000,86.41,2101000,27.97,1513440,供應科,設備及折舊,E.3.3
2561,其他設備修護費－事務,0,0,26000,107000,0,323000,0,323000,行政管理科,設備及折舊,E.3.3
2562,其他設備修護費－維運機具,6100,37130,31000,127000,29.24,367000,10.12,329870,第一客戶網路中心,設備及折舊,E.3.3
2592,保固及售後服務費用－採購,0,0,7000,28000,0,84000,0,84000,供應科,設備及折舊,E.3.3
2621,一般房屋保險費－一般房屋保險費,0,13029,6000,24000,54.29,72000,18.1,58971,行政管理科,管銷費用,F.3.3
264,電信設備保險費,0,3158,0,0,,14000,22.56,10842,網路維運中心,管銷費用,F.3.3
265,運輸設備保險費,0,13086,89000,356000,3.68,1140000,1.15,1126914,供應科,管銷費用,F.3.3
2672,現金及貨物保險費－銀錢竊盜保險費,0,1557,0,2000,77.85,2000,77.85,443,行政管理科,管銷費用,F.3.3
268,責任保險費,0,5550,5000,5000,111,20000,27.75,14450,行政管理科,管銷費用,F.3.3
271,棧儲費,0,1200,3000,12000,10,40000,3,38800,供應科,管銷費用,F.3.3
273,公證費,0,18700,5000,30000,62.33,48000,38.96,29300,行政管理科,管銷費用,F.3.3
2761,佣金、匯費及手續費－代辦電信業務服務費,0,22261,9000,36000,61.84,113000,19.7,90739,服務中心,管銷費用,F.3.3
2763,佣金、匯費及手續費－代收電信資費手續費,0,5176890,1905000,7635000,67.8,22781000,22.72,17604110,服務中心,業務成本,C.08
2765,佣金、匯費及手續費－代管公話服務費,0,37158,13000,52000,71.46,156000,23.82,118842,第一客戶網路中心,管銷費用,F.3.3
2769,佣金、匯費及手續費－匯費及手續費,107,166422,83000,343000,48.52,1044000,15.94,877578,行政管理科,業務成本,C.09
28032,委外製播費－委外製播費,0,9972,4000,16000,62.33,44000,22.66,34028,規劃設計科,管銷費用,F.1.7
2807A,委外費－客服業務,0,15425154,5606000,22947000,67.22,59035000,26.13,43609846,服務中心,業務外包,B.2
2821,法律事務費－律師服務費,0,0,10000,50000,0,249000,0,249000,行政管理科,管銷費用,F.1.5
2822,法律事務費－訴訟行政費,52015,230962,80000,340000,67.93,1040000,22.21,809038,行政管理科,管銷費用,F.1.5
28301,工程及管理諮詢服務費-非專標案,0,28000,108000,128000,21.88,352000,7.95,324000,行政管理科,管銷費用,F.1.5
2841,講課鐘點及稿費－講課鐘點費,0,0,2000,7000,0,25000,0,25000,人發駐點,管銷費用,F.1.7
2853,委託調查研究費－顧問及專家報酬,0,0,30000,30000,0,60000,0,60000,規劃設計科,管銷費用,F.1.4
286,委託檢驗試驗費,0,10286,4000,16000,64.29,68000,15.13,57714,行政管理科,管銷費用,F.1.7
28711,委託國內考選訓練費－勞教經費,0,0,8000,12000,0,38000,0,38000,人發駐點,管銷費用,F.1.7
28712,委託國內考選訓練費－就學進修費,0,95658,0,45000,212.57,105000,91.1,9342,人發駐點,管銷費用,F.1.7
28713,委託國內考選訓練費－訓練班費用,1600,2742,4000,24000,11.43,106000,2.59,103258,人發駐點,管銷費用,F.1.7
28719,委託國內考選訓練費－其他,3000,34766,4000,31000,112.15,90000,38.63,55234,人發駐點,管銷費用,F.1.7
28821,電腦軟體服務費－價購軟體費－自用,7293,29172,8000,32000,91.16,98000,29.77,68828,資通科,管銷費用,F.1.3
2883,電腦軟體服務費－軟體使用費,4281,17124,6000,24000,71.35,73000,23.46,55876,資通科,管銷費用,F.1.3
2891,保全費用－駐衛保全費,480783,1923132,492000,1968000,97.72,5885000,32.68,3961868,行政管理科,管銷費用,F.1.6
2892,保全費用－機械保全費,85223,340909,128000,512000,66.58,1544000,22.08,1203091,行政管理科,管銷費用,F.1.6
291,公共關係費－一般,6000,62640,38000,152000,41.21,466000,13.44,403360,行政管理科,管銷費用,F.3.3
2922,公共關係費－企客,4700,29721,53000,117000,25.4,350000,8.49,320279,企業客戶科,管銷費用,F.3.3
312,設備維運備品費,6729795.7,26880425.39,5721000,24222000,110.98,75698000,35.51,48817574.61,供應科,設備及折舊,E.3.5
313,燃料費,0,796088,356000,1426000,55.83,4328000,18.39,3531912,供應科,設備及折舊,E.3.5
321,辦公（事務）用品,29737,87861,57000,228000,38.54,691000,12.72,603139,行政管理科,管銷費用,F.3.3
322,報章什誌,0,0,,,,,,,行政管理科,管銷費用,F.3.3
325A,服裝－勞安人員工作服裝,0,0,0,0,,18000,0,18000,職業安全衛生科,管銷費用,F.3.3
3251,服裝－倉儲作業人員工作服裝,0,0,0,0,,9000,0,9000,供應科,管銷費用,F.3.3
3253,服裝－數據外勤人員工作服裝,0,0,0,0,,228000,0,228000,網路維運中心,管銷費用,F.3.3
3254,服裝－機務外勤人員工作服裝,0,0,0,0,,1030000,0,1030000,網路維運中心,管銷費用,F.3.3
32551,服裝－線路外勤人員工作服裝－正職人員,0,0,0,0,,2103000,0,2103000,第一客戶網路中心,管銷費用,F.3.3
3256,服裝－機報話房防塵工作服裝,0,0,0,0,,171000,0,171000,網路維運中心,管銷費用,F.3.3
32571,營業人員工作服裝─正職人員,0,0,0,0,,1000000,0,1000000,服務中心,管銷費用,F.3.3
3258,服裝－企客人員工作服裝,0,0,0,0,,658000,0,658000,企業客戶科,管銷費用,F.3.3
326,食　品,52036,178196,58000,226000,78.85,692000,25.75,513804,行政管理科,管銷費用,F.3.3
32912,洗燙費－營業人員服裝洗燙費,1013,-78,1000,7000,-1.11,32000,-0.24,32078,行政管理科,管銷費用,F.3.3
32919,洗燙費－其他洗燙費,1063,1493,4000,16000,9.33,47000,3.18,45507,行政管理科,管銷費用,F.3.3
32921,其他用品消耗－獎品費,0,0,6000,24000,0,80000,0,80000,行政管理科,管銷費用,F.3.3
32922,其他用品消耗－工務競賽獎品費,-330,-330,,,,,,,第一客戶網路中心,管銷費用,F.3.3
3294,其他用品消耗－年節活動費,0,585600,63000,735000,79.67,974000,60.12,388400,行政管理科,管銷費用,F.3.3
3299,其他用品消耗－其他,18268,243313,93000,369000,65.94,1161000,20.96,917687,行政管理科,管銷費用,F.3.3
3311B,手機配件成本,-4291,7183446,2298000,10262000,70,30964000,23.2,23780554,服務中心,業務成本,C.04
3311C,商品成本─國際衛星手機及配件,0,144173,4000,16000,901.08,46000,313.42,-98173,服務中心,業務成本,C.04
3311D,商品成本－電話機,0,533119,126000,658000,81.02,2271000,23.48,1737881,服務中心,業務成本,C.04
3311F,商品成本－節能週邊商品,-26902,13637397,2493000,8868000,153.78,27168000,50.2,13530603,服務中心,業務成本,C.04
33111,商品成本－手機成本,0,1118886,0,0,,0,,-1118886,服務中心,業務成本,C.04
33114,商品成本－喇叭組成本,0,410158,62000,244000,168.1,748000,54.83,337842,服務中心,業務成本,C.04
33117,商品成本－高畫質電視機,-11049,704603,302000,1257000,56.05,3630000,19.41,2925397,服務中心,業務成本,C.04
33130,商品成本─Apple Watch,,,0,0,,0,,,服務中心,業務成本,C.04
33131,商品成本─平板電腦,0,0,1000,60000,0,135000,0,135000,服務中心,業務成本,C.04
33133,商品成本─3C週邊商品,-1171,785441,197000,1045000,75.16,2503000,31.38,1717559,服務中心,業務成本,C.04
33138,商品成本－投影機,0,0,9000,37000,0,109000,0,109000,服務中心,業務成本,C.04
3317,商品成本─居家生活用品,-379,104192,36000,190000,54.84,651000,16,546808,服務中心,業務成本,C.04
3318,商品成本─健康保養產品,-209,702650,46000,313000,224.49,1103000,63.7,400350,服務中心,業務成本,C.04
3320,商品成本─智慧音箱─行分,,,0,0,,0,,,,業務成本,C.04
3321A,其他營業成本－紅利積點成本－市長話,492,1229,,,,,,,行銷科,管銷費用,F.3.1
3321B,其他營業成本－紅利積點成本－HiNet上網,191672,1932158,570000,2087000,92.58,6934000,27.86,5001842,行銷科,管銷費用,F.3.1
3321C,其他營業成本－紅利積點成本－寬頻接取,179401,1627947,397000,1596000,102,4936000,32.98,3308053,行銷科,管銷費用,F.3.1
3321D,其他營業成本－紅利積點成本－MOD業務,8345,144965,45000,164000,88.39,634000,22.87,489035,行銷科,管銷費用,F.3.1
3321F,其他營業成本－紅利積點成本－加值業務,746166,4368840,1796000,6981000,62.58,22549000,19.37,18180160,行銷科,管銷費用,F.3.1
3321K,其他營業成本－紅利積點成本－點數外賣,,,0,0,,0,,,,管銷費用,F.3.1
3321L,其他營業成本－紅利積點成本－OTT影視業務,3279,15303,4000,70000,21.86,260000,5.89,244697,行銷科,管銷費用,F.3.1
411A,土地使用費,0,0,0,0,,0,,0,行政管理科,設備及折舊,E.5
4212A,電信室使用費,0,30920,7000,28000,110.43,84000,36.81,53080,行政管理科,設備及折舊,E.5
442A,電桿附掛費,11581,38914,11000,38000,102.41,114000,34.14,75086,第一客戶網路中心,設備及折舊,E.5
443A,中高軌衛星電路服務使用費,0,0,21000,84000,0,255000,0,255000,企業客戶科,設備及折舊,E.5
443C,低軌衛星電路服務使用費,0,0,82000,329000,0,1068000,0,1068000,企業客戶科,設備及折舊,E.5
445A,管道使用費,101174,271040,68000,272000,99.65,816000,33.22,544960,第一客戶網路中心,設備及折舊,E.5
461A,其他設備使用費,12829,65761,33000,131000,50.2,407000,16.16,341239,行政管理科,設備及折舊,E.5
479,其他利息,1655,52753,0,60000,87.92,60000,87.92,7247,行政管理科,設備及折舊,E.5
5A07,使用權資產折舊費用－公務車,0,0,0,0,,384000,0,384000,會計駐點,設備及折舊,E.1
5A10,使用權資產折舊費用－土地上含自有建物,0,1533209,481000,1921000,79.81,5769000,26.58,4235791,會計駐點,設備及折舊,E.1
5A11,使用權資產折舊費用－工程車,0,391755,131000,524000,74.76,9308000,4.21,8916245,會計駐點,設備及折舊,E.1
521,一般房屋折舊,0,7245739,2976000,11893000,60.92,35847000,20.21,28601261,會計駐點,設備及折舊,E.1
522,其他建築折舊,0,0,0,0,,0,,0,會計駐點,設備及折舊,E.1
524,自用出租房屋折舊,0,1590572,,,,,,,會計駐點,設備及折舊,E.1
531,資訊設備折舊,0,1874646,579000,2308000,81.22,7170000,26.15,5295354,會計駐點,設備及折舊,E.1
541,電信線路設備折舊,0,79228157,26463000,104850000,75.56,319607000,24.79,240378843,會計駐點,設備及折舊,E.1
542,電信機械設備折舊,0,33067040,11340000,46064000,71.78,136558000,24.21,103490960,會計駐點,設備及折舊,E.1
551,運輸設備折舊,0,1866624,643000,2485000,75.12,8428000,22.15,6561376,會計駐點,設備及折舊,E.1
561,其他設備折舊,0,1775614,585000,2341000,75.85,12048000,14.74,10272386,會計駐點,設備及折舊,E.1
5611,太陽光電系統設備折舊,0,538266,187000,748000,71.96,2249000,23.93,1710734,會計駐點,設備及折舊,E.1
592,攤銷電腦軟體,0,2160,0,0,,9000,24,6840,資通科,設備及折舊,E.2
612,一般土地地價稅,1337599,5352045,1338000,5352000,100,16452000,32.53,11099955,行政管理科,管銷費用,F.2
631,一般房屋稅,533639,2135552,508000,2030000,105.2,6250000,34.17,4114448,行政管理科,管銷費用,F.2
6421,印花稅－營收現金貼用,0,290777,150000,580000,50.13,1800000,16.15,1509223,服務中心,管銷費用,F.2
6422,印花稅－合約貼用,0,101038,19000,62000,162.96,218000,46.35,116962,供應科,管銷費用,F.2
6429,印花稅－其他,0,15614,6000,24000,65.06,75000,20.82,59386,供應科,管銷費用,F.2
643,使用牌照稅,0,187997,103000,263000,71.48,754000,24.93,566003,供應科,管銷費用,F.2
657,頻率使用費－衛星通信,0,0,4000,16000,0,48000,0,48000,企業客戶科,管銷費用,F.2
6712,電信行政規費－電信監理規費,,,0,0,,0,,,行政管理科,管銷費用,F.2
6713,電信行政規費－道路使用費,760000,3064531,752000,3008000,101.88,9024000,33.96,5959469,第二客戶網路中心,管銷費用,F.2
67151,電信號碼使用費－市內網路,0,28744,14000,48000,59.88,129000,22.28,100256,行銷科,管銷費用,F.2
67152,電信號碼使用費－長途網路,0,0,0,1000,0,1000,0,1000,行銷科,管銷費用,F.2
67155,電信號碼使用費－行動寬頻,0,5293,20000,108000,4.9,263000,2.01,257707,行銷科,管銷費用,F.2
672,汽車燃料使用費,94167,376668,88000,352000,107.01,1178000,31.98,801332,供應科,管銷費用,F.2
679,其他行政規費,8340,61415,26000,104000,59.05,307000,20,245585,供應科,管銷費用,F.2
713,職業團體會費,0,35000,5000,64000,54.69,83000,42.17,48000,行政管理科,管銷費用,F.3.3
721,捐助個人,0,3200,1000,3000,106.67,6000,53.33,2800,服務中心,管銷費用,F.3.3
722,捐助社團,0,0,0,0,,6000,0,6000,行政管理科,管銷費用,F.3.3
7252,公益支出－公益支出,0,0,0,40000,0,165000,0,165000,規劃設計科,管銷費用,F.3.3
8121U,預期信用減損損失－應收帳款及催收款項－專標案－未達營收認列時點,,,0,0,,0,,,企業客戶科,業務成本,C.10.1
8121Z,預期信用減損損失－應收帳款及催收款項－專標案,0,-67383,0,0,,0,,67383,企業客戶科,業務成本,C.10.1
81747,災害損失－搶修設備－纜線,0,566142.89,,,,,,,第一客戶網路中心,管銷費用,F.3.3
81749,災害損失－搶修設備－其他,0,18124,0,0,,0,,-18124,行政管理科,管銷費用,F.3.3
926,其他費用-太陽能光電躉售電費業務成本,0,66104,0,7000,944.34,34000,194.42,-32104,企業客戶科,設備及折舊,E.3.3
92853,資訊與通信產品業務成本－AWS公有雲業務－非專標案,0,0,1606000,7141000,0,30790000,0,30790000,企業客戶科,專案建置成本,D.2
92854,資訊與通信產品業務成本－Azure公有雲業務－非專標案,0,0,116000,516000,0,2221000,0,2221000,企業客戶科,專案建置成本,D.2
92855,資訊與通信產品業務成本－GCP公有雲業務－非專標案,0,0,323000,1435000,0,6187000,0,6187000,企業客戶科,專案建置成本,D.2
92856,資訊與通信產品業務成本－M365公有雲業務－非專標案,0,0,337000,1498000,0,6459000,0,6459000,企業客戶科,專案建置成本,D.2
92882,其他企業客戶專案成本－維護企業客戶設備費－非專標案,0,0,44000,194000,0,834000,0,834000,企業客戶科,專案建置成本,D.2
92889,其他企業客戶專案成本－其他－非專標案,0,0,174000,740000,0,2788000,0,2788000,企業客戶科,專案建置成本,D.2
929A,其他費用－IDC專案建置成本,0,0,2276000,10119000,0,43632000,0,43632000,企業客戶科,專案建置成本,D.1
929AB,其他費用－AI機房專案建置成本,0,0,230000,1024000,0,4415000,0,4415000,,專案建置成本,D.1
929BE,其他費用－企業通訊及內容整合專案建置成本－商務應用整合專案建置成本,0,0,11000,48000,0,208000,0,208000,企業客戶科,專案建置成本,D.1
929BG,其他費用－企業通訊及內容整合專案建置成本－視訊會議專案建置成本,0,0,,,,,,,企業客戶科,專案建置成本,D.1
929BH,其他費用－企業通訊及內容整合專案建置成本－數位經濟多元支付專案建置成本,0,0,12000,54000,0,233000,0,233000,企業客戶科,專案建置成本,D.1
929E6,其他費用－大數據業務－大數據平台專案建置成本,0,450448,1074000,4774000,9.44,20583000,2.19,20132552,企業客戶科,專案建置成本,D.1
929E7,其他費用－大數據業務－智慧網管(EyeSee)專案建置成本,0,4066690,138000,614000,662.33,2650000,153.46,-1416690,企業客戶科,專案建置成本,D.1
929F,其他營業成本－海外ICT整合服務專案建置成本,0,0,146000,648000,0,2797000,0,2797000,企業客戶科,專案建置成本,D.1
929H,其他費用－市內/數據/國際IDC機房客戶設備代管專案建置成本,0,0,,,,,,,企業客戶科,專案建置成本,D.1
929IC,其他費用－衛星ICT整合服務專案建置成本－低軌相關,0,0,127000,565000,0,2437000,0,2437000,企業客戶科,專案建置成本,D.1
929JB,其他費用－AI業務-雲端AIGC應用專案建置成本,0,0,92000,409000,0,1765000,0,1765000,,專案建置成本,D.1
929JC,其他費用－AI業務-AI開發分析平台專案建置成本,0,0,67000,298000,0,1281000,0,1281000,,專案建置成本,D.1
929JD,其他費用－AI業務-其他專案建置成本,0,0,48000,214000,0,927000,0,927000,,專案建置成本,D.1
9291,其他費用－客戶專案建置成本,0,7323,,,,,,,企業客戶科,專案建置成本,D.1
9292H,政府業務產品成本－公路監理專案及加值服務專案建置,0,0,29000,128000,0,555000,0,555000,企業客戶科,專案建置成本,D.1
9292K,政府業務產品成本－政府電子採購服務專案建置,0,0,,,,,,,企業客戶科,專案建置成本,D.1
9294A,資訊與通信產品業務成本－智慧建築（IGB ) 產品成本－綜合佈線工程專案建置成本,6293,6293,53000,235000,2.68,1012000,0.62,1005707,企業客戶科,專案建置成本,D.1
9294D,資訊與通信產品業務成本－企業健康雲系統(HCS)－遠距醫療平台專案建置,1191,2215,89000,396000,0.56,1707000,0.13,1704785,企業客戶科,專案建置成本,D.1
9294F,資訊與通信產品業務成本－能源管理／專業服務之專案建置,0,0,662000,2945000,0,12698000,0,12698000,企業客戶科,專案建置成本,D.1
9294G,資訊與通信產品業務成本－水資源專案建置,0,0,76000,339000,0,1464000,0,1464000,企業客戶科,專案建置成本,D.1
9294I,資訊與通信產品業務成本－充電樁專案建置成本,0,0,47000,207000,0,892000,0,892000,,專案建置成本,D.1
9294K,智慧型運輸系統（ＩＴＳ）－智慧交控專案建置成本,0,0,396000,1760000,0,7590000,0,7590000,,專案建置成本,D.1
9294L,資訊與通信產品業務成本-智慧安防(IVS)產品線-科技執法專案建置成本,0,20146,124000,551000,3.66,2373000,0.85,2352854,企業客戶科,專案建置成本,D.1
9294M,資訊與通信產品業務成本－太陽能光電維運,0,0,123000,547000,0,2356000,0,2356000,企業客戶科,專案建置成本,D.1
9294N,資訊與通信產品業務成本-智慧安防(IVS)產品線-AI科技執法專案建置成本,0,0,103000,457000,0,1972000,0,1972000,,專案建置成本,D.1
9294R,資訊與通信產品業務成本－資安產品－資安專業服務專安建置成本,0,0,493000,2191000,0,9448000,0,9448000,企業客戶科,專案建置成本,D.1
9294S,資訊與通信產品業務成本－太陽能光電專案建置,0,2235610,1723000,7661000,29.18,33030000,6.77,30794390,企業客戶科,專案建置成本,D.1
9294U,資訊與通信產品業務成本－企業健康雲系統(HCS)專案建置,0,0,,,,,,,企業客戶科,專案建置成本,D.1
9294W,資訊與通信產品業務成本－智慧建築（IGB ) 產品成本－弱電工程專案建置成本,0,0,1045000,4646000,0,20033000,0,20033000,企業客戶科,專案建置成本,D.1
9294X,資訊與通信產品業務成本－智慧建築（IGB ) 產品成本－機電工程專案建置成本,14398,14398,,,,,,,企業客戶科,專案建置成本,D.1
9294Y,資訊與通信產品業務成本－資安產品線業務專案建置成本－在地化資安專案建置成本,51593,451152,1570000,6980000,6.46,30095000,1.5,29643848,企業客戶科,專案建置成本,D.1
92941,資訊與通信產品業務成本－智慧型運輸系統(ITS)－政府交通專案建置,0,0,,,,,,,企業客戶科,專案建置成本,D.1
92942,資訊與通信產品業務成本－智慧節能服務（iEN）,160317,712912,170000,754000,94.55,3251000,21.93,2538088,企業客戶科,專案建置成本,D.1
92944,資訊與通信產品業務成本－智慧型運輸系統(ITS)－其他專案建置,0,45896,543000,2416000,1.9,10418000,0.44,10372104,企業客戶科,專案建置成本,D.1
92946,資訊與通信產品業務成本－交換機（ＰＢＸ）,24624,300273,47000,210000,142.99,908000,33.07,607727,企業客戶科,專案建置成本,D.1
92947,資訊與通信產品業務成本－智慧建築（IGB ) 產品成本－其他專案建置成本,37947,737489,655000,2914000,25.31,12563000,5.87,11825511,企業客戶科,專案建置成本,D.1
92948,資訊與通信產品業務成本－智慧安防,-171467,3137052,1702000,7568000,41.45,32629000,9.61,29491948,企業客戶科,專案建置成本,D.1
92949,資訊與通信產品業務成本-資安產品-身分識別專案建置,0,0,454000,2019000,0,8705000,0,8705000,企業客戶科,專案建置成本,D.1
9295B,SaaS產品業務專案建置成本-企業資源整合(ERP)服務專案建置成本,0,0,,,,,,,企業客戶科,專案建置成本,D.1
9295D,SaaS產品業務專案建置成本-其他整合包裝及服務專案建置成本,0,0,252000,1120000,0,4828000,0,4828000,企業客戶科,專案建置成本,D.1
92951,IaaS類業務-GSN客戶IaaS類業務產品成本-政府雲端專案建置成本,0,0,44000,195000,0,839000,0,839000,企業客戶科,專案建置成本,D.1
92953,AWS公有雲業務專案建置成本,0,0,107000,474000,0,2043000,0,2043000,企業客戶科,專案建置成本,D.1
92958,IaaS類業務-專案建置成本,0,1,340000,1513000,0,6526000,0,6525999,企業客戶科,專案建置成本,D.1
9297L,行動ICT M化業務成本－行動訊號涵蓋工程專案建置成本,51146,60218,55000,243000,24.78,1048000,5.75,987782,企業客戶科,專案建置成本,D.1
9297M,行動ICT M化業務成本－行動裝置管理專案建置成本,0,0,212000,940000,0,4055000,0,4055000,企業客戶科,專案建置成本,D.1
9297V,行動ICT M化業務成本－行動即時影像專案建置成本,0,0,,,,,,,企業客戶科,專案建置成本,D.1
9297Y,行動ICT M化業務成本－其他專案建置成本,268334,296846,324000,1441000,20.6,6212000,4.78,5915154,企業客戶科,專案建置成本,D.1
92972,行動物聯網業務專案建置成本,0,16402,,,,,,,企業客戶科,專案建置成本,D.1
92973,行動物聯網業務－智慧停車專案建置成本,0,0,100000,444000,0,1909000,0,1909000,,專案建置成本,D.1
92974,行動ICT M化業務－企業專網專案建置成本,0,247299,194000,864000,28.62,3725000,6.64,3477701,企業客戶科,專案建置成本,D.1
9298A,其他企業客戶專案成本－郵費,0,0,28000,127000,0,544000,0,544000,企業客戶科,專案建置成本,D.2
92981,其他企業客戶專案成本－企業客戶端設備攤銷費,33333,1737337.23,24000,107000,1623.68,459000,378.5,-1278337.23,企業客戶科,專案建置成本,D.2
92982,其他企業客戶專案成本－維運備品費,3428,11704,,,,,,,企業客戶科,專案建置成本,D.2
92984,其他企業客戶專案成本－人力費用－薪資及加班費,0,50772,,,,,,,企業客戶科,專案建置成本,D.2
92985,其他企業客戶專案成本－人力費用－其他用人費用,0,0,,,,,,,企業客戶科,專案建置成本,D.2
92986,其他企業客戶專案成本－廠商成本,70380,1467223,1441000,6442000,22.78,28196000,5.2,26728777,企業客戶科,專案建置成本,D.2
92987,其他企業客戶專案成本－保固及售後服務費,0,0,17000,77000,0,330000,0,330000,企業客戶科,專案建置成本,D.2
92989,其他企業客戶專案成本－其他,1158689,4660436,548000,2437000,191.24,10514000,44.33,5853564,企業客戶科,專案建置成本,D.2
9299A,其他費用－Apple軟體商店,-69282,308044,209000,419000,73.52,2313000,13.32,2004956,服務中心,管銷費用,F.3.3
9299B,其他費用－Google Play,-64454,467079,158000,457000,102.21,1330000,35.12,862921,服務中心,管銷費用,F.3.3
9299C,其他費用－行動電信帳單代收Netflix款項,0,61692,15000,54000,114.24,201000,30.69,139308,服務中心,管銷費用,F.3.3
9299D,其他費用－手機代收停車費,0,50,0,0,,0,,-50,企業客戶科,管銷費用,F.3.3
9299F,其他費用－數據業務代收Netflix款項,0,-513,,,,,,,服務中心,管銷費用,F.3.3
9299G,其他費用－固網業務代收Netflix款項,0,114084,4000,16000,713.03,52000,219.39,-62084,服務中心,管銷費用,F.3.3
9299K,其他費用－MOD,0,-31,0,0,,0,,31,服務中心,管銷費用,F.3.3
9299L,其他費用－OTT影視業務,42,133,0,0,,0,,-133,服務中心,管銷費用,F.3.3
9299M,其他費用－行動促案代收Netflix款項,0,25832,,,,,,,服務中心,管銷費用,F.3.3
9299O,其他費用－Sony Play Station,0,0,0,0,,2000,0,2000,,管銷費用,F.3.3
9299Z,其他費用－其他,0,0.46,,,,,,,行政管理科,管銷費用,F.3.3
