列帳機構,交易機構,年度,月份,總帳科目,明細帳,科目名稱,去年同期,上月累計,DAMTTM,CAMTTM,本月動支增減,累計動支數,本月預算數,至本月預算數,累計動支率%,年度預算數,年度動支率%,剩餘可動支,類別,項目代號,預算主管單位
0000,3047,115,8,5   ,A201 ,市話接續費－市話,261613.0,144042.0,0.0,0.0,0.0,144042.0,52000,393000,36.65,590000,24.41,445958.0,,C.05                ,服務中心
0000,3047,115,8,5   ,A202 ,市話接續費－長話,522733.0,280776.0,0.0,0.0,0.0,280776.0,35000,278000,101.0,419000,67.01,138224.0,,C.05                ,服務中心
0000,3047,115,8,5   ,A207 ,市話接續費－公話,910.0,563.0,0.0,0.0,0.0,563.0,0,1000,56.3,1000,56.3,437.0,,C.05                ,服務中心
0000,3047,115,8,5   ,A212 ,公用電話攤分費－公話撥叫行動電話攤分費,75667.0,44489.0,0.0,0.0,0.0,44489.0,4000,38000,117.08,57000,78.05,12511.0,,C.05                ,服務中心
0000,3047,115,8,5   ,A261 ,Ｅ.１６４用戶號碼網路電話接續費－市話,2897.0,1286.0,0.0,0.0,0.0,1286.0,0,1000,128.6,1000,128.6,-286.0,,C.05                ,服務中心
0000,3047,115,8,5   ,A288 ,行動接續費─市話,5551828.0,2914788.0,0.0,0.0,0.0,2914788.0,387000,3098000,94.09,4622000,63.06,1707212.0,,C.05                ,服務中心
0000,3047,115,8,5   ,A289 ,行動接續費─ＩＮ,1.0,0.0,0.0,0.0,0.0,0.0,0,0,,0,,0.0,,C.05                ,服務中心
0000,3047,115,8,5   ,R20  ,行銷推廣費(重分類使用),-12000.0,-58000.0,0.0,0.0,0.0,-58000.0,0,0,,0,,58000.0,,C.03                ,9999
0000,3047,115,8,5   ,R25  ,修理保養及材料費(重分類使用),-18335379.0,-6933306.0,0.0,551264.0,-551264.0,-7484570.0,-758000,-6064000,123.43,-9096000,82.28,-1611430.0,,E.3.4               ,9999
0000,3047,115,8,5   ,R33  ,商品成本(重分類使用),-12018936.0,-6258327.0,0.0,1123002.0,-1123002.0,-7381329.0,0,0,,0,,7381329.0,,C.04                ,9999
0000,3047,115,8,5   ,R92  ,其他費用(重分類使用),-471197.0,-212250.0,0.0,33733.0,-33733.0,-245983.0,0,0,,0,,245983.0,,F.3.3               ,9999
0000,3047,115,8,5   ,1131 ,員工薪金－職階待遇,384212136.0,217938080.0,28385550.0,29691.0,28355859.0,246293939.0,32421000,254435000,96.8,379233000,64.95,132939061.0,,A.1                 ,人發駐點
0000,3047,115,8,5   ,1132 ,員工薪金－職務待遇,44424273.0,26139423.0,3461293.0,3912.0,3457381.0,29596804.0,3771000,29622000,99.91,44203000,66.96,14606196.0,,A.1                 ,人發駐點
0000,3047,115,8,5   ,122  ,臨時職員薪金,495650.0,99130.0,0.0,0.0,0.0,99130.0,77000,596000,16.63,888000,11.16,788870.0,,A.1                 ,人發駐點
0000,3047,115,8,5   ,123  ,臨時人員獎金,2000.0,0.0,0.0,0.0,0.0,0.0,1000,5000,0.0,5000,0.0,5000.0,,A.1                 ,人發駐點
0000,3047,115,8,5   ,1311 ,加班誤餐費－一般加班費,7069047.0,3774883.0,366330.0,266835.0,99495.0,3874378.0,687000,5709000,67.86,8663000,44.72,4788622.0,,A.1                 ,人發駐點
0000,3047,115,8,5   ,1312 ,加班誤餐費－員工不休假加班費,11319567.0,5061334.0,644877.0,0.0,644877.0,5706211.0,829000,6504000,87.73,10113000,56.42,4406789.0,,A.1                 ,人發駐點
0000,3047,115,8,5   ,1313 ,加班誤餐費－員工不休假加班費－保留休假,7643045.0,2442962.0,334280.0,0.0,334280.0,2777242.0,345000,2705000,102.67,4427000,62.73,1649758.0,,A.1                 ,人發駐點
0000,3047,115,8,5   ,1314 ,加班誤餐費－補休未休畢加班費,436501.0,583639.0,562930.0,483867.0,79063.0,662702.0,49000,450000,147.27,616000,107.58,-46702.0,,A.1                 ,人發駐點
0000,3047,115,8,5   ,142  ,主管津貼,1249519.0,728142.0,100400.0,0.0,100400.0,828542.0,123000,960000,86.31,1424000,58.18,595458.0,,A.1                 ,人發駐點
0000,3047,115,8,5   ,144  ,育嬰留職停薪津貼,184678.0,275539.0,45800.0,0.0,45800.0,321339.0,31000,240000,133.89,358000,89.76,36661.0,,A.1                 ,人發駐點
0000,3047,115,8,5   ,145  ,伙食津貼,17726259.0,9816117.0,1296000.0,0.0,1296000.0,11112117.0,1437000,11388000,97.58,17130000,64.87,6017883.0,,A.1                 ,人發駐點
0000,3047,115,8,5   ,147  ,交通津貼,5662305.0,7883985.0,1080000.0,0.0,1080000.0,8963985.0,1168000,9225000,97.17,13890000,64.54,4926015.0,,A.1                 ,人發駐點
0000,3047,115,8,5   ,1481 ,出納津貼－經管銀錢津貼,16805.0,10450.0,1080.0,0.0,1080.0,11530.0,1000,8000,144.13,10000,115.3,-1530.0,,A.1                 ,人發駐點
0000,3047,115,8,5   ,1491 ,其他津貼－兼任駕駛津貼,4694545.0,2335769.0,370753.0,0.0,370753.0,2706522.0,409000,3173000,85.3,4728000,57.24,2021478.0,,A.1                 ,人發駐點
0000,3047,115,8,5   ,1511 ,績效獎金－績效獎金,93547573.0,52529202.0,6899163.0,0.0,6899163.0,59428365.0,7975000,62582000,94.96,93412000,63.62,33983635.0,,A.1                 ,人發駐點
0000,3047,115,8,5   ,153  ,企業化特別獎金,82217353.0,53743214.0,7124619.0,0.0,7124619.0,60867833.0,6652000,53216000,114.38,79818000,76.26,18950167.0,XXX,A.1                 ,人發駐點
0000,3047,115,8,5   ,1541 ,考核獎金－考核折發獎金,1781809.0,1030438.0,147194.0,0.0,147194.0,1177632.0,158000,1225000,96.13,1824000,64.56,646368.0,,A.1                 ,人發駐點
0000,3047,115,8,5   ,155  ,年節獎金,56436310.0,32755476.0,4273703.0,0.0,4273703.0,37029179.0,4815000,37784000,98.0,56396000,65.66,19366821.0,,A.1                 ,人發駐點
0000,3047,115,8,5   ,156  ,全勤獎金,14196602.0,8121470.0,1061977.0,1126.0,1060851.0,9182321.0,1213000,9521000,96.44,14212000,64.61,5029679.0,,A.1                 ,人發駐點
0000,3047,115,8,5   ,157  ,員工酬勞,49777111.0,31890929.0,4228001.0,0.0,4228001.0,36118930.0,3811000,30488000,118.47,45742000,78.96,9623070.0,XXX,A.1                 ,人發駐點
0000,3047,115,8,5   ,1592 ,其他獎金－久任人員獎勵金,1298128.0,353236.0,48703.0,0.0,48703.0,401939.0,77000,597000,67.33,886000,45.37,484061.0,,A.1                 ,人發駐點
0000,3047,115,8,5   ,1599 ,其他獎金－其他,20000.0,10000.0,0.0,0.0,0.0,10000.0,4000,29000,34.48,44000,22.73,34000.0,,A.1                 ,人發駐點
0000,3047,115,8,5   ,1611 ,退休金－舊制,15935614.0,10619113.0,1369161.0,0.0,1369161.0,11988274.0,1265000,10120000,118.46,15180000,78.97,3191726.0,,A.1                 ,人發駐點
0000,3047,115,8,5   ,1612 ,退休金－新制,13738240.0,8811677.0,2471490.0,1242228.0,1229262.0,10040939.0,1221000,9568000,104.94,14277000,70.33,4236061.0,,A.1                 ,人發駐點
0000,3047,115,8,5   ,163  ,卹償金,3261784.0,1700341.0,234787.0,0.0,234787.0,1935128.0,308000,2422000,79.9,3615000,53.53,1679872.0,,A.1                 ,人發駐點
0000,3047,115,8,5   ,165  ,確定福利計畫利息費用,0.0,-1958324.0,64327.0,330743.0,-266416.0,-2224740.0,,,,,,,,A.1                 ,人發駐點
0000,3047,115,8,5   ,18111,分擔員工保險費－分擔員工勞保費,24091699.0,13337220.0,3499591.0,1735464.0,1764127.0,15101347.0,2059000,16151000,93.5,24108000,62.64,9006653.0,,A.1                 ,人發駐點
0000,3047,115,8,5   ,18112,分擔員工保險費－分擔員工一般健保費,14459100.0,8227502.0,2189244.0,1100215.0,1089029.0,9316531.0,1250000,9801000,95.06,14628000,63.69,5311469.0,,A.1                 ,人發駐點
0000,3047,115,8,5   ,1812 ,分擔員工及眷屬保險費－分擔員工眷屬一般健保費,8240097.0,4690015.0,1236795.0,616089.0,620706.0,5310721.0,705000,5532000,96.0,8259000,64.3,2948279.0,,A.1                 ,人發駐點
0000,3047,115,8,5   ,1813 ,全民健保雇主補充保險費,6744333.0,4234135.0,1488898.0,978433.0,510465.0,4744600.0,569000,4461000,106.36,6655000,71.29,1910400.0,,A.1                 ,人發駐點
0000,3047,115,8,5   ,183  ,傷病醫藥費,2150384.0,0.0,0.0,0.0,0.0,0.0,,,,,,,,A.1                 ,
0000,3047,115,8,5   ,183A ,傷病醫藥費－健康檢查,0.0,0.0,0.0,0.0,0.0,0.0,6000,104000,0.0,1926000,0.0,1926000.0,,A.1                 ,職業安全衛生科
0000,3047,115,8,5   ,183B ,傷病醫藥費－健康促進,0.0,0.0,0.0,0.0,0.0,0.0,0,3000,0.0,94000,0.0,94000.0,,A.1                 ,職業安全衛生科
0000,3047,115,8,5   ,183C ,傷病醫藥費－諮詢,0.0,0.0,6000.0,0.0,6000.0,6000.0,20000,160000,3.75,240000,2.5,234000.0,,A.1                 ,職業安全衛生科
0000,3047,115,8,5   ,183D ,傷病醫藥費－其他,0.0,17857.0,0.0,0.0,0.0,17857.0,0,240000,7.44,240000,7.44,222143.0,,A.1                 ,職業安全衛生科
0000,3047,115,8,5   ,1851 ,提撥福利金－按營收提撥數,7306434.0,4183797.0,533956.0,0.0,533956.0,4717753.0,622000,4881000,96.66,7289000,64.72,2571247.0,XXX,A.1                 ,人發駐點
0000,3047,115,8,5   ,186  ,體育活動費,385600.0,135661.0,13775.0,0.0,13775.0,149436.0,32000,250000,59.77,380000,39.33,230564.0,,A.1                 ,人發駐點
0000,3047,115,8,5   ,1891 ,其他福利費－退休人員慰問金,939400.0,970800.0,79200.0,0.0,79200.0,1050000.0,80000,1009000,104.06,1017000,103.24,-33000.0,,A.1                 ,人發駐點
0000,3047,115,8,5   ,1894 ,其他福利費－休假補助費,5621592.0,3077941.0,1111814.0,639411.0,472403.0,3550344.0,522000,4096000,86.68,6115000,58.06,2564656.0,,A.1                 ,人發駐點
0000,3047,115,8,5   ,1895 ,其他福利費－員工持股信託獎勵金,13244917.0,7600984.0,1006920.0,0.0,1006920.0,8607904.0,1136000,8916000,96.54,13306000,64.69,4698096.0,,A.1                 ,人發駐點
0000,3047,115,8,5   ,1896 ,其他福利費－員工子女教育補助費,821555.0,441329.0,63047.0,0.0,63047.0,504376.0,82000,646000,78.08,961000,52.48,456624.0,,A.1                 ,人發駐點
0000,3047,115,8,5   ,18981,其他福利費－留才增給金-持股信託,8321406.0,5347078.0,757119.0,0.0,757119.0,6104197.0,738000,5774000,105.72,8619000,70.82,2514803.0,,A.1                 ,人發駐點
0000,3047,115,8,5   ,18982,其他福利費－留才增給金-福利儲蓄,72266.0,38066.0,5438.0,0.0,5438.0,43504.0,6000,48000,90.63,73000,59.59,29496.0,,A.1                 ,人發駐點
0000,3047,115,8,5   ,1899 ,其他福利費－其他,1926000.0,744000.0,139000.0,0.0,139000.0,883000.0,145000,1143000,77.25,1704000,51.82,821000.0,,A.1                 ,人發駐點
0000,3047,115,8,5   ,201A1,行銷推廣費－CPE業務,115132.0,18798.0,6924.0,0.0,6924.0,25722.0,3000,37000,69.52,62000,41.49,36278.0,,C.03                ,行銷科
0000,3047,115,8,5   ,201T1,行銷推廣費－OTT業務,0.0,8109.0,0.0,0.0,0.0,8109.0,3000,12000,67.58,24000,33.79,15891.0,,C.03                ,行銷科
0000,3047,115,8,5   ,20101,ＭＯＤ業務－ＭＯＤ業務,210910.0,39154.0,15557.0,26.0,15531.0,54685.0,9000,60000,91.14,98000,55.8,43315.0,,C.03                ,行銷科
0000,3047,115,8,5   ,20112,市話業務－市話電子帳單,149724.0,98026.0,0.0,0.0,0.0,98026.0,,,,,,,,C.03                ,行銷科
0000,3047,115,8,5   ,2013G,行銷推廣費－行動電話業務－行動寬頻業務（不劃帳）,108823.0,14291.0,3878.0,0.0,3878.0,18169.0,5000,40000,45.42,98000,18.54,79831.0,,C.03                ,行銷科
0000,3047,115,8,5   ,20130,行銷推廣費－行動電話業務－Disney 行動促案,0.0,61661.0,0.0,0.0,0.0,61661.0,8000,52000,118.58,94000,65.6,32339.0,,C.03                ,行銷科
0000,3047,115,8,5   ,20139,行動電話業務－行動電話業務－Netflix行動促案,1055106.0,1817326.0,0.0,0.0,0.0,1817326.0,141000,1316000,138.09,1880000,96.67,62674.0,,C.03                ,行銷科
0000,3047,115,8,5   ,20153,電路出租業務－ＷiFi業務,72564.0,-72564.0,0.0,0.0,0.0,-72564.0,1000,8000,-907.05,24000,-302.35,96564.0,,C.03                ,行銷科
0000,3047,115,8,5   ,20154,電路出租業務－ＦＴＴｘ,100666.0,64542.0,0.0,0.0,0.0,64542.0,5000,40000,161.36,92000,70.15,27458.0,,C.03                ,行銷科
0000,3047,115,8,5   ,20181,行銷推廣費－數據業務－Netflix固網促案,136584.0,343519.0,0.0,0.0,0.0,343519.0,13000,245000,140.21,295000,116.45,-48519.0,,C.03                ,行銷科
0000,3047,115,8,5   ,20182,行銷推廣費－數據業務－Disney 固網促案,0.0,12963.0,0.0,0.0,0.0,12963.0,4000,23000,56.36,42000,30.86,29037.0,,C.03                ,行銷科
0000,3047,115,8,5   ,20194,行銷推廣費－企業形象推廣,0.0,0.0,0.0,0.0,0.0,0.0,0,0,,0,,0.0,,C.03                ,
0000,3047,115,8,5   ,20195,行銷推廣費－ESG活動,104546.0,118336.0,0.0,0.0,0.0,118336.0,9000,72000,164.36,111000,106.61,-7336.0,,C.03                ,行銷科
0000,3047,115,8,5   ,20199,行銷推廣費－其他－其他,51113.0,66225.0,0.0,0.0,0.0,66225.0,5000,33000,200.68,65000,101.88,-1225.0,,C.03                ,行銷科
0000,3047,115,8,5   ,2021 ,客製化產品行銷推廣費－市話網路,3196.0,1598.0,0.0,0.0,0.0,1598.0,0,2000,79.9,2000,79.9,402.0,,C.03                ,企業客戶科
0000,3047,115,8,5   ,2029 ,客製化產品行銷推廣費－其他,118978.0,90000.0,0.0,0.0,0.0,90000.0,0,45000,200.0,135000,66.67,45000.0,,C.03                ,企業客戶科
0000,3047,115,8,5   ,2031A,行銷業務推廣激勵獎金－銷售商品,17430.0,27401.0,345.0,0.0,345.0,27746.0,0,2000,1387.3,4000,693.65,-23746.0,,C.03                ,行銷科
0000,3047,115,8,5   ,20319,行銷業務推廣激勵獎金－其他,200000.0,20980.0,16290.0,0.0,16290.0,37270.0,17000,136000,27.4,200000,18.64,162730.0,,C.03                ,行銷科
0000,3047,115,8,5   ,2041B,行銷業務推廣代理佣金－行動寬頻5G,0.0,17312.0,2787.0,0.0,2787.0,20099.0,6000,48000,41.87,71000,28.31,50901.0,,C.02                ,行銷科
0000,3047,115,8,5   ,2041C,行銷業務推廣代理佣金－行動寬頻,78969.0,10309.0,1804.0,429.0,1375.0,11684.0,6000,48000,24.34,70000,16.69,58316.0,,C.02                ,行銷科
0000,3047,115,8,5   ,2041E,行銷業務推廣代理佣金－WiFi商務,135353.0,86134.0,0.0,0.0,0.0,86134.0,0,92000,93.62,107000,80.5,20866.0,,C.02                ,行銷科
0000,3047,115,8,5   ,2041F,行銷業務推廣代理佣金－ＦＴＴｘ,620262.0,372388.0,78705.0,39318.0,39387.0,411775.0,7000,181000,227.5,223000,184.65,-188775.0,,C.02                ,行銷科
0000,3047,115,8,5   ,2041K,行銷業務推廣代理佣金─其他,1746817.0,952513.0,162233.0,139825.0,22408.0,974921.0,8000,518000,188.21,535000,182.23,-439921.0,,C.02                ,行銷科
0000,3047,115,8,5   ,2041P,行銷業務推廣代理佣金─承攬門市業務,25695141.0,14172548.0,2089517.0,2145499.0,-55982.0,14116566.0,108000,8168000,172.83,8964000,157.48,-5152566.0,,B.3                 ,行銷科
0000,3047,115,8,5   ,2041T,行銷業務推廣代理佣金－OTT,-26000.0,0.0,0.0,0.0,0.0,0.0,2000,16000,0.0,22000,0.0,22000.0,,C.02                ,行銷科
0000,3047,115,8,5   ,2041W,行銷業務推廣代理佣金─WiFi,0.0,0.0,0.0,0.0,0.0,0.0,2000,16000,0.0,22000,0.0,22000.0,,C.02                ,行銷科
0000,3047,115,8,5   ,20411,行銷業務推廣代理佣金－ＭＯＤ,198824.0,70536.0,31167.0,10571.0,20596.0,91132.0,10000,106000,85.97,151000,60.35,59868.0,,C.02                ,行銷科
0000,3047,115,8,5   ,20412,行銷業務推廣代理佣金－市話,58.0,57.0,0.0,0.0,0.0,57.0,2000,16000,0.36,25000,0.23,24943.0,,C.02                ,行銷科
0000,3047,115,8,5   ,20415,行銷業務推廣代理佣金－網際網路及加值,257725.0,181660.0,61990.0,24078.0,37912.0,219572.0,7000,130000,168.9,159000,138.1,-60572.0,,C.02                ,行銷科
0000,3047,115,8,5   ,20417,行銷業務推廣代理佣金－公話,49682.0,61878.0,0.0,0.0,0.0,61878.0,5000,35000,176.79,53000,116.75,-8878.0,,C.02                ,行銷科
0000,3047,115,8,5   ,20418,行銷業務推廣代理佣金－銷售商品,405224.0,428289.0,64033.0,0.0,64033.0,492322.0,19000,182000,270.51,215000,228.99,-277322.0,,C.02                ,行銷科
0000,3047,115,8,5   ,2042F,客製化產品業務推廣代理佣金－ＦＴＴｘ,53714.0,8696.0,0.0,0.0,0.0,8696.0,0,0,,42000,20.7,33304.0,,C.02                ,企業客戶科
0000,3047,115,8,5   ,205A1,點數行銷推廣費－CPE業務,631138.0,372849.0,94615.0,76759.0,17856.0,390705.0,0,192000,203.49,192000,203.49,-198705.0,,C.03                ,行銷科
0000,3047,115,8,5   ,20501,點數行銷推廣費─ＭＯＤ業務－ＭＯＤ業務,0.0,-1.0,0.0,0.0,0.0,-1.0,,,,,,,,C.03                ,行銷科
0000,3047,115,8,5   ,20537,點數行銷推廣費─行動電話業務－銷售商品,1435.0,15.0,0.0,0.0,0.0,15.0,,,,,,,,C.03                ,行銷科
0000,3047,115,8,5   ,2059 ,點數行銷推廣費－其他,0.0,-1.0,0.0,0.0,0.0,-1.0,,,,,,,,C.03                ,行銷科
0000,3047,115,8,5   ,2072C,取得合約增額成本攤銷-客戶合約佣金-行動寬頻（行銷）,2180000.0,1212176.0,162953.0,0.0,162953.0,1375129.0,0,469000,293.2,469000,293.2,-906129.0,,C.02                ,行銷科
0000,3047,115,8,5   ,2072D,取得合約增額成本攤銷-客戶合約佣金- MOD,989145.0,572131.0,99604.0,0.0,99604.0,671735.0,0,229000,293.33,229000,293.33,-442735.0,,C.02                ,行銷科
0000,3047,115,8,5   ,2072F,取得合約增額成本攤銷-客戶合約佣金-電路出租,0.0,0.0,0.0,0.0,0.0,0.0,0,0,,0,,0.0,,C.02                ,行銷科
0000,3047,115,8,5   ,2072G,取得合約增額成本攤銷-客戶合約佣金-網際網路及加值,0.0,0.0,0.0,0.0,0.0,0.0,0,0,,0,,0.0,,C.02                ,行銷科
0000,3047,115,8,5   ,2072I,取得合約增額成本攤銷-客戶合約佣金- FTTX,5726636.0,3740831.0,614677.0,0.0,614677.0,4355508.0,0,1476000,295.09,1476000,295.09,-2879508.0,,C.02                ,行銷科
0000,3047,115,8,5   ,2072J,取得合約增額成本攤銷-客戶合約佣金- WIFI,0.0,0.0,0.0,0.0,0.0,0.0,0,0,,0,,0.0,,C.02                ,行銷科
0000,3047,115,8,5   ,2072T,取得合約增額成本攤銷-客戶合約佣金-行動寬頻5G（行銷）,700338.0,920036.0,154615.0,0.0,154615.0,1074651.0,0,169000,635.89,169000,635.89,-905651.0,,C.02                ,行銷科
0000,3047,115,8,5   ,2111 ,動力費－契約電費,5373193.0,2600164.0,475466.0,0.0,475466.0,3075630.0,561000,3349000,91.84,5614000,54.79,2538370.0,,E.4                 ,網路維運中心
0000,3047,115,8,5   ,2112 ,動力費－流動電費,58739302.0,29801538.0,4067849.0,40401.0,4027448.0,33828986.0,4163000,34099000,99.21,54964000,61.55,21135014.0,,E.4                 ,網路維運中心
0000,3047,115,8,5   ,2119 ,動力費－其他,3473.0,3116.0,1338.0,0.0,1338.0,4454.0,,,,,,,,E.4                 ,網路維運中心
0000,3047,115,8,5   ,2121 ,工作場所電費－基本電費,1349196.0,530085.0,101895.0,0.0,101895.0,631980.0,108000,701000,90.15,1104000,57.24,472020.0,,E.4                 ,行政管理科
0000,3047,115,8,5   ,2122 ,工作場所電費－流動電費,6589333.0,2489382.0,1163026.0,407578.0,755448.0,3244830.0,659000,3930000,82.57,5822000,55.73,2577170.0,,E.4                 ,行政管理科
0000,3047,115,8,5   ,2129 ,工作場所電費－其他,0.0,121.0,0.0,0.0,0.0,121.0,,,,,,,,E.4                 ,行政管理科
0000,3047,115,8,5   ,2141 ,工作場所水費－基本水費,83816.0,50722.0,5513.0,0.0,5513.0,56235.0,6000,54000,104.14,80000,70.29,23765.0,,E.4                 ,行政管理科
0000,3047,115,8,5   ,2142 ,工作場所水費－流動水費,321466.0,178875.0,31230.0,6624.0,24606.0,203481.0,13000,195000,104.35,320000,63.59,116519.0,,E.4                 ,行政管理科
0000,3047,115,8,5   ,2149 ,工作場所水費－其他,136990.0,73345.0,10709.0,0.0,10709.0,84054.0,7000,83000,101.27,136000,61.8,51946.0,,E.4                 ,行政管理科
0000,3047,115,8,5   ,2211 ,郵費－一般公務用郵費,234713.0,112178.0,21392.0,0.0,21392.0,133570.0,19000,156000,85.62,233000,57.33,99430.0,,F.3.3               ,行政管理科
0000,3047,115,8,5   ,2213 ,郵費－行銷業務用郵費,134159.0,35673.0,3574.0,0.0,3574.0,39247.0,8000,68000,57.72,98000,40.05,58753.0,,F.3.3               ,行銷科
0000,3047,115,8,5   ,2219 ,郵費－其他,224.0,84.0,0.0,84.0,-84.0,0.0,0,0,,0,,0.0,,F.3.3               ,行政管理科
0000,3047,115,8,5   ,2221 ,電話費－公務電話費,145.0,0.0,0.0,0.0,0.0,0.0,3000,20000,0.0,32000,0.0,32000.0,,F.3.3               ,行政管理科
0000,3047,115,8,5   ,2311 ,臺澎金馬地區旅費－員工公務臺澎金馬地區旅費,1218823.0,567966.0,90457.0,0.0,90457.0,658423.0,100000,815000,80.79,1411000,46.66,752577.0,,F.3.3               ,人發駐點
0000,3047,115,8,5   ,2312 ,臺澎金馬地區旅費－工會臺澎金馬地區旅費,152538.0,45816.0,1378.0,0.0,1378.0,47194.0,,,,,,,XXX,F.3.3               ,人發駐點
0000,3047,115,8,5   ,2313 ,臺澎金馬地區旅費－職工福利會臺澎金馬地區旅費,41726.0,0.0,0.0,0.0,0.0,0.0,,,,,,,XXX,F.3.3               ,人發駐點
0000,3047,115,8,5   ,2342 ,專力費－公文遞送費,488568.0,284998.0,47142.0,0.0,47142.0,332140.0,62000,495000,67.1,745000,44.58,412860.0,,F.3.3               ,行政管理科
0000,3047,115,8,5   ,2351 ,一般物品運費,40565.0,31676.0,0.0,0.0,0.0,31676.0,7000,52000,60.92,77000,41.14,45324.0,,F.3.3               ,供應科
0000,3047,115,8,5   ,2412 ,印刷及裝訂費－法令帳冊表報印刷費,315160.0,103237.0,50138.0,0.0,50138.0,153375.0,18000,139000,110.34,290000,52.89,136625.0,,F.3.2               ,供應科
0000,3047,115,8,5   ,2414 ,印刷及裝訂費－複製費,147351.0,98663.0,6250.0,0.0,6250.0,104913.0,17000,141000,74.41,215000,48.8,110087.0,,F.3.2               ,行政管理科
0000,3047,115,8,5   ,251  ,土地改良物維護費,833214.0,437741.0,83175.0,0.0,83175.0,520916.0,45000,478000,108.98,686000,75.94,165084.0,XXX,E.3.3               ,行政管理科
0000,3047,115,8,5   ,25211,一般房屋修護費－修繕費,14119281.0,6189390.0,1043400.0,0.0,1043400.0,7232790.0,676000,9426000,76.73,14758000,49.01,7525210.0,XXX,E.3.3               ,行政管理科
0000,3047,115,8,5   ,25212,一般房屋修護費－清潔費,3638540.0,2158490.0,310714.0,0.0,310714.0,2469204.0,327000,2610000,94.61,3918000,63.02,1448796.0,,E.3.3               ,行政管理科
0000,3047,115,8,5   ,253  ,資訊設備修護費,528101.0,202295.0,11658.0,0.0,11658.0,213953.0,56000,448000,47.76,662000,32.32,448047.0,,E.3.3               ,資通科
0000,3047,115,8,5   ,2541A,電信線路設備修護費－ＡＤＳＬ移機發包費,379936.0,242985.0,41185.0,0.0,41185.0,284170.0,38000,284000,100.06,430000,66.09,145830.0,,E.3.1               ,第一客戶網路中心
0000,3047,115,8,5   ,2541B,電信線路設備修護費－ＡＤＳＬ裝機發包費,3368949.0,948173.0,79688.0,0.0,79688.0,1027861.0,331000,2472000,41.58,3721000,27.62,2693139.0,,E.3.1               ,第一客戶網路中心
0000,3047,115,8,5   ,2541E,電信線路設備修護費－圖資維護費,4983743.0,3274266.0,619333.0,0.0,619333.0,3893599.0,450000,3600000,108.16,5400000,72.1,1506401.0,,E.3.1               ,第一客戶網路中心
0000,3047,115,8,5   ,2541F,電信線路設備修護費－ＦＴＴＸ移機發包費,3525349.0,2243972.0,350673.0,34400.0,316273.0,2560245.0,333000,2484000,103.07,3740000,68.46,1179755.0,,E.3.1               ,第一客戶網路中心
0000,3047,115,8,5   ,2541G,電信線路設備修護費－ＦＴＴＸ裝機發包費,23951332.0,14746961.0,2147458.0,0.0,2147458.0,16894419.0,2333000,17406000,97.06,26199000,64.48,9304581.0,,E.3.1               ,第一客戶網路中心
0000,3047,115,8,5   ,2541K,電信線路設備修護費－ＭＯＤ移機發包費,846278.0,482688.0,68440.0,0.0,68440.0,551128.0,81000,605000,91.1,909000,60.63,357872.0,,E.3.1               ,第一客戶網路中心
0000,3047,115,8,5   ,2541L,電信線路設備修護費－ＭＯＤ裝機發包費,3018130.0,1800937.0,181842.0,0.0,181842.0,1982779.0,294000,2196000,90.29,3306000,59.98,1323221.0,,E.3.1               ,第一客戶網路中心
0000,3047,115,8,5   ,2541P,電信線路設備修護費－客戶端設備及其附屬設備查修交付承攬費,78140244.0,45828612.0,13240486.0,6549419.0,6691067.0,52519679.0,6689000,53424000,98.31,80210000,65.48,27690321.0,,B.1                 ,第一客戶網路中心
0000,3047,115,8,5   ,2541Q,電信線路設備修護費－管道維護工程發包費,17492867.0,11402182.0,818117.0,0.0,818117.0,12220299.0,1918000,10932000,111.78,18298000,66.78,6077701.0,,E.3.1               ,第一客戶網路中心
0000,3047,115,8,5   ,2541T,電信線路設備修護費－測量台工作交付承攬費,7886060.0,5802049.0,893567.0,0.0,893567.0,6695616.0,938000,6953000,96.3,10705000,62.55,4009384.0,,B.1                 ,第一客戶網路中心
0000,3047,115,8,5   ,25411,電信線路設備修護費－纜線維護工程發包費,25072540.0,12297751.0,1648735.0,0.0,1648735.0,13946486.0,1929000,16157000,86.32,24604000,56.68,10657514.0,,E.3.1               ,第一客戶網路中心
0000,3047,115,8,5   ,25412,電信線路設備修護費－纜線維護食宿費,3117198.0,1534971.0,256463.0,0.0,256463.0,1791434.0,269000,1940000,92.34,3131000,57.22,1339566.0,,E.3.1               ,第一客戶網路中心
0000,3047,115,8,5   ,25413,電信線路設備修護費－運屯費,1505.0,0.0,0.0,0.0,0.0,0.0,0,3000,0.0,6000,0.0,6000.0,,E.3.1               ,第一客戶網路中心
0000,3047,115,8,5   ,25414,電信線路設備修護費－移機發包費,3275529.0,1374290.0,219769.0,0.0,219769.0,1594059.0,307000,2293000,69.52,3450000,46.2,1855941.0,,E.3.1               ,第一客戶網路中心
0000,3047,115,8,5   ,25415,電信線路設備修護費－裝機發包費,2050257.0,963157.0,143046.0,0.0,143046.0,1106203.0,196000,1462000,75.66,2200000,50.28,1093797.0,,E.3.1               ,第一客戶網路中心
0000,3047,115,8,5   ,25418,電信線路設備修護費－線路人員服裝洗燙費,467358.0,232972.0,49874.0,0.0,49874.0,282846.0,48000,300000,94.28,493000,57.37,210154.0,,E.3.1               ,第一客戶網路中心
0000,3047,115,8,5   ,25419,電信線路設備修護費－纜線－其他,1935288.0,1149203.0,126803.0,0.0,126803.0,1276006.0,210000,1555000,82.06,2311000,55.21,1034994.0,,E.3.1               ,第一客戶網路中心
0000,3047,115,8,5   ,25422,電信機械設備修護費－維護機械食宿費,991956.0,549585.0,89125.0,0.0,89125.0,638710.0,80000,635000,100.58,956000,66.81,317290.0,,E.3.2               ,網路維運中心
0000,3047,115,8,5   ,25423,電信機械設備修護費－運屯費,66281.0,30000.0,0.0,0.0,0.0,30000.0,10000,80000,37.5,120000,25.0,90000.0,,E.3.2               ,網路維運中心
0000,3047,115,8,5   ,25424,電信機械設備修護費－電信機具維護費,5062488.0,3112618.0,246774.0,0.0,246774.0,3359392.0,425000,3400000,98.81,5100000,65.87,1740608.0,,E.3.2               ,網路維運中心
0000,3047,115,8,5   ,25425,電信機械設備修護費－公務用交換設備維護費,10872231.0,7399562.0,1233092.0,0.0,1233092.0,8632654.0,990000,7920000,109.0,11880000,72.67,3247346.0,,E.3.2               ,網路維運中心
0000,3047,115,8,5   ,25426,電信機械設備修護費－機房人員服裝洗燙費,18218.0,7566.0,945.0,0.0,945.0,8511.0,3000,24000,35.46,36000,23.64,27489.0,,E.3.2               ,網路維運中心
0000,3047,115,8,5   ,25427,電信機械設備修護費－數據設備維護費,8463069.0,4682558.0,547737.0,0.0,547737.0,5230295.0,846000,6768000,77.28,10152000,51.52,4921705.0,,E.3.2               ,網路維運中心
0000,3047,115,8,5   ,25428,電信機械設備修護費－客戶端交換設備維護費,0.0,19048.0,0.0,0.0,0.0,19048.0,26000,143000,13.32,227000,8.39,207952.0,,E.3.2               ,資通科
0000,3047,115,8,5   ,25429,電信機械設備修護費－其他,1140432.0,249090.0,74143.0,0.0,74143.0,323233.0,120000,990000,32.65,1480000,21.84,1156767.0,,E.3.2               ,網路維運中心
0000,3047,115,8,5   ,25471,公用電話維護費－公話維護食宿費,230473.0,76224.0,13420.0,0.0,13420.0,89644.0,18000,140000,64.03,210000,42.69,120356.0,,E.3.3               ,第一客戶網路中心
0000,3047,115,8,5   ,25472,公用電話維護費－公話裝移機工什費,0.0,0.0,0.0,0.0,0.0,0.0,0,7000,0.0,11000,0.0,11000.0,,E.3.3               ,第一客戶網路中心
0000,3047,115,8,5   ,25473,公用電話維護費－數幣機維護等費,10895.0,4600.0,0.0,0.0,0.0,4600.0,1000,7000,65.71,10000,46.0,5400.0,,E.3.3               ,第一客戶網路中心
0000,3047,115,8,5   ,25474,公用電話維護費－公用電話機及附屬設備修護費,158286.0,0.0,0.0,0.0,0.0,0.0,55000,55000,0.0,250000,0.0,250000.0,,E.3.3               ,第一客戶網路中心
0000,3047,115,8,5   ,25476,公用電話維護費－公話用電費,4181.0,2698.0,0.0,0.0,0.0,2698.0,0,2000,134.9,4000,67.45,1302.0,,E.4                 ,第一客戶網路中心
0000,3047,115,8,5   ,25477,公用電話維護費－公話人員服裝洗燙費,15890.0,6429.0,1189.0,0.0,1189.0,7618.0,2000,11000,69.25,17000,44.81,9382.0,,E.3.3               ,第一客戶網路中心
0000,3047,115,8,5   ,25479,公用電話維護費－其他,8918.0,6000.0,0.0,0.0,0.0,6000.0,1000,7000,85.71,10000,60.0,4000.0,,E.3.3               ,第一客戶網路中心
0000,3047,115,8,5   ,255  ,運輸設備修護費,2046746.0,1016148.0,156760.0,0.0,156760.0,1172908.0,181000,1374000,85.36,2101000,55.83,928092.0,,E.3.3               ,供應科
0000,3047,115,8,5   ,2561 ,其他設備修護費－事務,297696.0,74391.0,23310.0,0.0,23310.0,97701.0,27000,214000,45.65,323000,30.25,225299.0,,E.3.3               ,行政管理科
0000,3047,115,8,5   ,2562 ,其他設備修護費－維運機具,262300.0,93290.0,51800.0,0.0,51800.0,145090.0,24000,229000,63.36,367000,39.53,221910.0,,E.3.3               ,第一客戶網路中心
0000,3047,115,8,5   ,2592 ,保固及售後服務費用－採購,32280.0,0.0,0.0,0.0,0.0,0.0,7000,56000,0.0,84000,0.0,84000.0,,E.3.3               ,供應科
0000,3047,115,8,5   ,2621 ,一般房屋保險費－一般房屋保險費,11669.0,13029.0,0.0,0.0,0.0,13029.0,6000,48000,27.14,72000,18.1,58971.0,,F.3.3               ,行政管理科
0000,3047,115,8,5   ,264  ,電信設備保險費,24523.0,7477.0,1089.0,0.0,1089.0,8566.0,0,0,,14000,61.19,5434.0,,F.3.3               ,網路維運中心
0000,3047,115,8,5   ,265  ,運輸設備保險費,1015772.0,532235.0,88098.0,53421.0,34677.0,566912.0,96000,756000,74.99,1140000,49.73,573088.0,,F.3.3               ,供應科
0000,3047,115,8,5   ,2672 ,現金及貨物保險費－銀錢竊盜保險費,1707.0,1557.0,0.0,0.0,0.0,1557.0,0,2000,77.85,2000,77.85,443.0,,F.3.3               ,行政管理科
0000,3047,115,8,5   ,268  ,責任保險費,8739.0,9850.0,0.0,0.0,0.0,9850.0,10000,20000,49.25,20000,49.25,10150.0,,F.3.3               ,行政管理科
0000,3047,115,8,5   ,271  ,棧儲費,6243.0,1248.0,0.0,0.0,0.0,1248.0,3000,24000,5.2,40000,3.12,38752.0,,F.3.3               ,供應科
0000,3047,115,8,5   ,273  ,公證費,21450.0,18700.0,3400.0,0.0,3400.0,22100.0,6000,41000,53.9,48000,46.04,25900.0,,F.3.3               ,行政管理科
0000,3047,115,8,5   ,2761 ,佣金、匯費及手續費－代辦電信業務服務費,108081.0,54602.0,8296.0,0.0,8296.0,62898.0,11000,74000,85.0,113000,55.66,50102.0,,F.3.3               ,服務中心
0000,3047,115,8,5   ,2763 ,佣金、匯費及手續費－代收電信資費手續費,22689633.0,13185557.0,0.0,0.0,0.0,13185557.0,1895000,15176000,86.88,22781000,57.88,9595443.0,,C.08                ,服務中心
0000,3047,115,8,5   ,2765 ,佣金、匯費及手續費－代管公話服務費,154346.0,86971.0,0.0,0.0,0.0,86971.0,13000,104000,83.63,156000,55.75,69029.0,,F.3.3               ,第一客戶網路中心
0000,3047,115,8,5   ,2769 ,佣金、匯費及手續費－匯費及手續費,747583.0,386603.0,314.0,0.0,314.0,386917.0,83000,675000,57.32,1044000,37.06,657083.0,,C.09                ,行政管理科
0000,3047,115,8,5   ,28032,委外製播費－委外製播費,36564.0,23268.0,0.0,0.0,0.0,23268.0,4000,32000,72.71,44000,52.88,20732.0,,F.1.7               ,規劃設計科
0000,3047,115,8,5   ,2807A,委外費－客服業務,68390784.0,36734954.0,0.0,0.0,0.0,36734954.0,4096000,42658000,86.12,59035000,62.23,22300046.0,,B.2                 ,服務中心
0000,3047,115,8,5   ,2821 ,法律事務費－律師服務費,260670.0,0.0,0.0,0.0,0.0,0.0,10000,121000,0.0,249000,0.0,249000.0,,F.1.5               ,行政管理科
0000,3047,115,8,5   ,2822 ,法律事務費－訴訟行政費,789267.0,440212.0,78154.0,0.0,78154.0,518366.0,80000,680000,76.23,1040000,49.84,521634.0,,F.1.5               ,行政管理科
0000,3047,115,8,5   ,28301,工程及管理諮詢服務費-非專標案,429000.0,142400.0,79200.0,0.0,79200.0,221600.0,65000,213000,104.04,352000,62.95,130400.0,,F.1.5               ,行政管理科
0000,3047,115,8,5   ,2841 ,講課鐘點及稿費－講課鐘點費,6000.0,4800.0,0.0,0.0,0.0,4800.0,0,12000,40.0,25000,19.2,20200.0,,F.1.7               ,人發駐點
0000,3047,115,8,5   ,2853 ,委託調查研究費－顧問及專家報酬,0.0,0.0,0.0,0.0,0.0,0.0,0,30000,0.0,60000,0.0,60000.0,,F.1.4               ,規劃設計科
0000,3047,115,8,5   ,286  ,委託檢驗試驗費,57876.0,28172.0,19286.0,0.0,19286.0,47458.0,4000,42000,113.0,68000,69.79,20542.0,,F.1.7               ,行政管理科
0000,3047,115,8,5   ,28711,委託國內考選訓練費－勞教經費,0.0,0.0,0.0,0.0,0.0,0.0,0,20000,0.0,38000,0.0,38000.0,,F.1.7               ,人發駐點
0000,3047,115,8,5   ,28712,委託國內考選訓練費－就學進修費,12597.0,191966.0,0.0,0.0,0.0,191966.0,0,45000,426.59,105000,182.82,-86966.0,,F.1.7               ,人發駐點
0000,3047,115,8,5   ,28713,委託國內考選訓練費－訓練班費用,66986.0,13826.0,6000.0,0.0,6000.0,19826.0,4000,58000,34.18,106000,18.7,86174.0,,F.1.7               ,人發駐點
0000,3047,115,8,5   ,28719,委託國內考選訓練費－其他,126884.0,46486.0,1520.0,0.0,1520.0,48006.0,4000,65000,73.86,90000,53.34,41994.0,,F.1.7               ,人發駐點
0000,3047,115,8,5   ,28821,電腦軟體服務費－價購軟體費－自用,782220.0,59480.0,10372.0,0.0,10372.0,69852.0,8000,64000,109.14,98000,71.28,28148.0,,F.1.3               ,資通科
0000,3047,115,8,5   ,2883 ,電腦軟體服務費－軟體使用費,43241.0,29967.0,4281.0,0.0,4281.0,34248.0,6000,48000,71.35,73000,46.92,38752.0,,F.1.3               ,資通科
0000,3047,115,8,5   ,2891 ,保全費用－駐衛保全費,5600484.0,3412836.0,528662.0,2049.0,526613.0,3939449.0,487000,3943000,99.91,5885000,66.94,1945551.0,,F.1.6               ,行政管理科
0000,3047,115,8,5   ,2892 ,保全費用－機械保全費,1022710.0,604458.0,93100.0,0.0,93100.0,697558.0,129000,1028000,67.86,1544000,45.18,846442.0,,F.1.6               ,行政管理科
0000,3047,115,8,5   ,291  ,公共關係費－一般,512996.0,107788.0,12630.0,0.0,12630.0,120418.0,38000,304000,39.61,466000,25.84,345582.0,,F.3.3               ,行政管理科
0000,3047,115,8,5   ,2922 ,公共關係費－企客,322318.0,124423.0,50600.0,0.0,50600.0,175023.0,28000,197000,88.84,350000,50.01,174977.0,,F.3.3               ,企業客戶科
0000,3047,115,8,5   ,312  ,設備維運備品費,67443513.63,45847274.9,6760649.16,5694497.07,1066152.09,46913426.99,6603000,49440000,94.89,75698000,61.97,28784573.01,,E.3.5               ,供應科
0000,3047,115,8,5   ,313  ,燃料費,3818247.0,2581903.0,13753.0,26956.0,-13203.0,2568700.0,372000,2873000,89.41,4328000,59.35,1759300.0,,E.3.5               ,供應科
0000,3047,115,8,5   ,321  ,辦公（事務）用品,574522.0,221995.0,60961.0,0.0,60961.0,282956.0,58000,457000,61.92,691000,40.95,408044.0,,F.3.3               ,行政管理科
0000,3047,115,8,5   ,322  ,報章什誌,4500.0,4500.0,0.0,0.0,0.0,4500.0,,,,,,,,F.3.3               ,行政管理科
0000,3047,115,8,5   ,325A ,服裝－勞安人員工作服裝,11384.0,0.0,0.0,0.0,0.0,0.0,0,0,,18000,0.0,18000.0,,F.3.3               ,職業安全衛生科
0000,3047,115,8,5   ,3251 ,服裝－倉儲作業人員工作服裝,16055.0,0.0,0.0,0.0,0.0,0.0,0,0,,9000,0.0,9000.0,,F.3.3               ,供應科
0000,3047,115,8,5   ,3253 ,服裝－數據外勤人員工作服裝,118657.0,0.0,0.0,0.0,0.0,0.0,0,0,,228000,0.0,228000.0,,F.3.3               ,網路維運中心
0000,3047,115,8,5   ,3254 ,服裝－機務外勤人員工作服裝,386125.0,0.0,0.0,0.0,0.0,0.0,0,0,,1030000,0.0,1030000.0,,F.3.3               ,網路維運中心
0000,3047,115,8,5   ,32551,服裝－線路外勤人員工作服裝－正職人員,2279331.0,0.0,0.0,0.0,0.0,0.0,0,0,,2103000,0.0,2103000.0,,F.3.3               ,第一客戶網路中心
0000,3047,115,8,5   ,3256 ,服裝－機報話房防塵工作服裝,340000.0,0.0,0.0,0.0,0.0,0.0,0,0,,171000,0.0,171000.0,,F.3.3               ,網路維運中心
0000,3047,115,8,5   ,32571,營業人員工作服裝─正職人員,0.0,0.0,587048.0,0.0,587048.0,587048.0,0,0,,1000000,58.7,412952.0,,F.3.3               ,服務中心
0000,3047,115,8,5   ,3258 ,服裝－企客人員工作服裝,600000.0,0.0,0.0,0.0,0.0,0.0,0,0,,658000,0.0,658000.0,,F.3.3               ,企業客戶科
0000,3047,115,8,5   ,326  ,食　品,730115.0,392372.0,77126.0,0.0,77126.0,469498.0,57000,452000,103.87,692000,67.85,222502.0,,F.3.3               ,行政管理科
0000,3047,115,8,5   ,32912,洗燙費－營業人員服裝洗燙費,22670.0,1556.0,1419.0,0.0,1419.0,2975.0,3000,19000,15.66,32000,9.3,29025.0,,F.3.3               ,行政管理科
0000,3047,115,8,5   ,32919,洗燙費－其他洗燙費,34835.0,16029.0,949.0,0.0,949.0,16978.0,4000,32000,53.06,47000,36.12,30022.0,,F.3.3               ,行政管理科
0000,3047,115,8,5   ,32921,其他用品消耗－獎品費,70800.0,97200.0,0.0,0.0,0.0,97200.0,6000,56000,173.57,80000,121.5,-17200.0,,F.3.3               ,行政管理科
0000,3047,115,8,5   ,32922,其他用品消耗－工務競賽獎品費,129682.0,-330.0,0.0,0.0,0.0,-330.0,,,,,,,XXX,F.3.3               ,第一客戶網路中心
0000,3047,115,8,5   ,3294 ,其他用品消耗－年節活動費,842871.0,585600.0,8200.0,0.0,8200.0,593800.0,0,859000,69.13,974000,60.97,380200.0,,F.3.3               ,行政管理科
0000,3047,115,8,5   ,3299 ,其他用品消耗－其他,1059039.0,415611.0,45755.0,0.0,45755.0,461366.0,112000,778000,59.3,1161000,39.74,699634.0,,F.3.3               ,行政管理科
0000,3047,115,8,5   ,3311B,手機配件成本,30814134.0,16825600.0,10446.0,4936.0,5510.0,16831110.0,1957000,18408000,91.43,30964000,54.36,14132890.0,,C.04                ,服務中心
0000,3047,115,8,5   ,3311C,商品成本─國際衛星手機及配件,152404.0,144173.0,0.0,0.0,0.0,144173.0,4000,32000,450.54,46000,313.42,-98173.0,,C.04                ,服務中心
0000,3047,115,8,5   ,3311D,商品成本－電話機,2875234.0,1293502.0,0.0,657.0,-657.0,1292845.0,198000,1419000,91.11,2271000,56.93,978155.0,,C.04                ,服務中心
0000,3047,115,8,5   ,3311F,商品成本－節能週邊商品,32142494.0,30927915.0,1619.0,25935.0,-24316.0,30903599.0,2236000,18146000,170.31,27168000,113.75,-3735599.0,,C.04                ,服務中心
0000,3047,115,8,5   ,33111,商品成本－手機成本,196641.0,1118886.0,0.0,0.0,0.0,1118886.0,0,0,,0,,-1118886.0,XXX,C.04                ,服務中心
0000,3047,115,8,5   ,33114,商品成本－喇叭組成本,1332067.0,2608864.0,0.0,0.0,0.0,2608864.0,61000,501000,520.73,748000,348.78,-1860864.0,,C.04                ,服務中心
0000,3047,115,8,5   ,33117,商品成本－高畫質電視機,3471070.0,1659480.0,0.0,6000.0,-6000.0,1653480.0,286000,2415000,68.47,3630000,45.55,1976520.0,,C.04                ,服務中心
0000,3047,115,8,5   ,33130,商品成本─Apple Watch,0.0,0.0,0.0,0.0,0.0,0.0,0,0,,0,,0.0,XXX,C.04                ,服務中心
0000,3047,115,8,5   ,33131,商品成本─平板電腦,0.0,0.0,0.0,0.0,0.0,0.0,45000,125000,0.0,135000,0.0,135000.0,,C.04                ,服務中心
0000,3047,115,8,5   ,33133,商品成本─3C週邊商品,2657588.0,1964328.0,0.0,0.0,0.0,1964328.0,187000,1765000,111.29,2503000,78.48,538672.0,,C.04                ,服務中心
0000,3047,115,8,5   ,33138,商品成本－投影機,19326.0,0.0,0.0,0.0,0.0,0.0,9000,72000,0.0,109000,0.0,109000.0,,C.04                ,服務中心
0000,3047,115,8,5   ,3317 ,商品成本─居家生活用品,424540.0,317971.0,5193.0,2180.0,3013.0,320984.0,58000,407000,78.87,651000,49.31,330016.0,,C.04                ,服務中心
0000,3047,115,8,5   ,3318 ,商品成本─健康保養產品,1285227.0,934968.0,11039.0,0.0,11039.0,946007.0,111000,645000,146.67,1103000,85.77,156993.0,,C.04                ,服務中心
0000,3047,115,8,5   ,3320 ,商品成本─智慧音箱─行分,0.0,0.0,0.0,0.0,0.0,0.0,0,0,,0,,0.0,XXX,C.04                ,
0000,3047,115,8,5   ,3321A,其他營業成本－紅利積點成本－市長話,8762.0,3776.0,1829.0,1829.0,0.0,3776.0,,,,,,,,F.3.1               ,行銷科
0000,3047,115,8,5   ,3321B,其他營業成本－紅利積點成本－HiNet上網,6630385.0,3547843.0,1351359.0,956132.0,395227.0,3943070.0,537000,4318000,91.32,6934000,56.87,2990930.0,,F.3.1               ,行銷科
0000,3047,115,8,5   ,3321C,其他營業成本－紅利積點成本－寬頻接取,5103017.0,2788887.0,1185577.0,898637.0,286940.0,3075827.0,403000,3199000,96.15,4936000,62.31,1860173.0,,F.3.1               ,行銷科
0000,3047,115,8,5   ,3321D,其他營業成本－紅利積點成本－MOD業務,893696.0,653141.0,271249.0,186714.0,84535.0,737676.0,68000,375000,196.71,634000,116.35,-103676.0,,F.3.1               ,行銷科
0000,3047,115,8,5   ,3321F,其他營業成本－紅利積點成本－加值業務,0.0,8576029.0,5022208.0,3725028.0,1297180.0,9873209.0,1919000,14749000,66.94,22549000,43.79,12675791.0,,F.3.1               ,行銷科
0000,3047,115,8,5   ,3321K,其他營業成本－紅利積點成本－點數外賣,0.0,0.0,0.0,0.0,0.0,0.0,0,0,,0,,0.0,,F.3.1               ,
0000,3047,115,8,5   ,3321L,其他營業成本－紅利積點成本－OTT影視業務,0.0,43863.0,36744.0,28117.0,8627.0,52490.0,4000,138000,38.04,260000,20.19,207510.0,,F.3.1               ,行銷科
0000,3047,115,8,5   ,411A ,土地使用費,484.0,0.0,0.0,0.0,0.0,0.0,0,0,,0,,0.0,,E.5                 ,行政管理科
0000,3047,115,8,5   ,4212A,電信室使用費,60425.0,55580.0,5762.0,0.0,5762.0,61342.0,7000,56000,109.54,84000,73.03,22658.0,,E.5                 ,行政管理科
0000,3047,115,8,5   ,442A ,電桿附掛費,117827.0,66247.0,11581.0,0.0,11581.0,77828.0,11000,76000,102.41,114000,68.27,36172.0,,E.5                 ,第一客戶網路中心
0000,3047,115,8,5   ,443A ,中高軌衛星電路服務使用費,0.0,0.0,0.0,0.0,0.0,0.0,21000,168000,0.0,255000,0.0,255000.0,,E.5                 ,企業客戶科
0000,3047,115,8,5   ,443C ,低軌衛星電路服務使用費,0.0,0.0,0.0,0.0,0.0,0.0,82000,657000,0.0,1068000,0.0,1068000.0,,E.5                 ,企業客戶科
0000,3047,115,8,5   ,445A ,管道使用費,813593.0,474320.0,67803.0,43.0,67760.0,542080.0,68000,544000,99.65,816000,66.43,273920.0,,E.5                 ,第一客戶網路中心
0000,3047,115,8,5   ,461A ,其他設備使用費,300598.0,153965.0,21399.0,0.0,21399.0,175364.0,35000,266000,65.93,407000,43.09,231636.0,,E.5                 ,行政管理科
0000,3047,115,8,5   ,479  ,其他利息,56390.0,54271.0,0.0,0.0,0.0,54271.0,0,60000,90.45,60000,90.45,5729.0,,E.5                 ,行政管理科
0000,3047,115,8,5   ,5A07 ,使用權資產折舊費用－公務車,0.0,110485.0,27622.0,0.0,27622.0,138107.0,26000,104000,132.8,384000,35.97,245893.0,,E.1                 ,會計駐點
0000,3047,115,8,5   ,5A10 ,使用權資產折舊費用－土地上含自有建物,6212308.0,3577489.0,433005.0,0.0,433005.0,4010494.0,481000,3845000,104.3,5769000,69.52,1758506.0,,E.1                 ,會計駐點
0000,3047,115,8,5   ,5A11 ,使用權資產折舊費用－工程車,1600168.0,1653499.0,500287.0,0.0,500287.0,2153786.0,742000,3492000,61.68,9308000,23.14,7154214.0,,E.1                 ,會計駐點
0000,3047,115,8,5   ,521  ,一般房屋折舊,34784227.0,16905685.0,2408498.0,0.0,2408498.0,19314183.0,2985000,23830000,81.05,35847000,53.88,16532817.0,,E.1                 ,會計駐點
0000,3047,115,8,5   ,522  ,其他建築折舊,732.0,0.0,0.0,0.0,0.0,0.0,0,0,,0,,0.0,,E.1                 ,會計駐點
0000,3047,115,8,5   ,524  ,自用出租房屋折舊,0.0,3699128.0,529437.0,0.0,529437.0,4228565.0,,,,,,,,E.1                 ,會計駐點
0000,3047,115,8,5   ,531  ,資訊設備折舊,5461230.0,4344841.0,624814.0,0.0,624814.0,4969655.0,599000,4644000,107.01,7170000,69.31,2200345.0,,E.1                 ,會計駐點
0000,3047,115,8,5   ,541  ,電信線路設備折舊,315286396.0,185981012.0,26610206.0,0.0,26610206.0,212591218.0,26859000,211830000,100.36,319607000,66.52,107015782.0,,E.1                 ,會計駐點
0000,3047,115,8,5   ,542  ,電信機械設備折舊,134685950.0,77157674.0,10977451.0,0.0,10977451.0,88135125.0,11159000,90898000,96.96,136558000,64.54,48422875.0,,E.1                 ,會計駐點
0000,3047,115,8,5   ,551  ,運輸設備折舊,7305262.0,4355456.0,622106.0,0.0,622106.0,4977562.0,648000,5072000,98.14,8428000,59.06,3450438.0,,E.1                 ,會計駐點
0000,3047,115,8,5   ,561  ,其他設備折舊,7091539.0,4133590.0,576881.0,0.0,576881.0,4710471.0,588000,9627000,48.93,12048000,39.1,7337529.0,,E.1                 ,會計駐點
0000,3047,115,8,5   ,5611 ,太陽光電系統設備折舊,2153064.0,1255954.0,179422.0,0.0,179422.0,1435376.0,187000,1496000,95.95,2249000,63.82,813624.0,,E.1                 ,會計駐點
0000,3047,115,8,5   ,592  ,攤銷電腦軟體,0.0,5040.0,720.0,0.0,720.0,5760.0,1000,1000,576.0,9000,64.0,3240.0,,E.2                 ,資通科
0000,3047,115,8,5   ,612  ,一般土地地價稅,16054772.0,9364842.0,1337599.0,0.0,1337599.0,10702441.0,1338000,10704000,99.99,16452000,65.05,5749559.0,XXX,F.2                 ,行政管理科
0000,3047,115,8,5   ,631  ,一般房屋稅,6400275.0,3643575.0,526501.0,0.0,526501.0,4170076.0,529000,4138000,100.78,6250000,66.72,2079924.0,XXX,F.2                 ,行政管理科
0000,3047,115,8,5   ,6421 ,印花稅－營收現金貼用,2118716.0,1043543.0,0.0,0.0,0.0,1043543.0,170000,1170000,89.19,1800000,57.97,756457.0,XXX,F.2                 ,服務中心
0000,3047,115,8,5   ,6422 ,印花稅－合約貼用,117477.0,109876.0,124.0,0.0,124.0,110000.0,19000,138000,79.71,218000,50.46,108000.0,XXX,F.2                 ,供應科
0000,3047,115,8,5   ,6429 ,印花稅－其他,95717.0,79256.0,0.0,0.0,0.0,79256.0,6000,49000,161.75,75000,105.67,-4256.0,XXX,F.2                 ,供應科
0000,3047,115,8,5   ,643  ,使用牌照稅,771361.0,404992.0,62665.0,1295.0,61370.0,466362.0,62000,506000,92.17,754000,61.85,287638.0,XXX,F.2                 ,供應科
0000,3047,115,8,5   ,657  ,頻率使用費－衛星通信,0.0,0.0,0.0,0.0,0.0,0.0,4000,32000,0.0,48000,0.0,48000.0,XXX,F.2                 ,企業客戶科
0000,3047,115,8,5   ,6712 ,電信行政規費－電信監理規費,0.0,0.0,0.0,0.0,0.0,0.0,0,0,,0,,0.0,XXX,F.2                 ,行政管理科
0000,3047,115,8,5   ,6713 ,電信行政規費－道路使用費,8606276.0,5075486.0,760000.0,0.0,760000.0,5835486.0,752000,6016000,97.0,9024000,64.67,3188514.0,XXX,F.2                 ,第二客戶網路中心
0000,3047,115,8,5   ,67151,電信號碼使用費－市內網路,136405.0,67176.0,0.0,0.0,0.0,67176.0,9000,85000,79.03,129000,52.07,61824.0,XXX,F.2                 ,行銷科
0000,3047,115,8,5   ,67152,電信號碼使用費－長途網路,668.0,1.0,0.0,0.0,0.0,1.0,0,1000,0.1,1000,0.1,999.0,XXX,F.2                 ,行銷科
0000,3047,115,8,5   ,67155,電信號碼使用費－行動寬頻,213217.0,30637.0,0.0,0.0,0.0,30637.0,15000,177000,17.31,263000,11.65,232363.0,XXX,F.2                 ,行銷科
0000,3047,115,8,5   ,672  ,汽車燃料使用費,1172872.0,540886.0,205077.0,0.0,205077.0,745963.0,97000,796000,93.71,1178000,63.32,432037.0,XXX,F.2                 ,供應科
0000,3047,115,8,5   ,679  ,其他行政規費,300382.0,147595.0,18334.0,0.0,18334.0,165929.0,24000,205000,80.94,307000,54.05,141071.0,XXX,F.2                 ,供應科
0000,3047,115,8,5   ,713  ,職業團體會費,20000.0,39000.0,0.0,0.0,0.0,39000.0,1000,65000,60.0,83000,46.99,44000.0,,F.3.3               ,行政管理科
0000,3047,115,8,5   ,721  ,捐助個人,4500.0,3800.0,0.0,0.0,0.0,3800.0,0,6000,63.33,6000,63.33,2200.0,,F.3.3               ,服務中心
0000,3047,115,8,5   ,722  ,捐助社團,0.0,0.0,0.0,0.0,0.0,0.0,0,3000,0.0,6000,0.0,6000.0,,F.3.3               ,行政管理科
0000,3047,115,8,5   ,7252 ,公益支出－公益支出,113700.0,10000.0,15000.0,0.0,15000.0,25000.0,40000,125000,20.0,165000,15.15,140000.0,,F.3.3               ,規劃設計科
0000,3047,115,8,5   ,8121U,預期信用減損損失－應收帳款及催收款項－專標案－未達營收認列時點,0.0,0.0,0.0,0.0,0.0,0.0,0,0,,0,,0.0,,C.10.1              ,企業客戶科
0000,3047,115,8,5   ,8121Z,預期信用減損損失－應收帳款及催收款項－專標案,-560975.0,-71472.0,0.0,0.0,0.0,-71472.0,0,0,,0,,71472.0,,C.10.1              ,企業客戶科
0000,3047,115,8,5   ,81747,災害損失－搶修設備－纜線,813443.8,566142.89,0.0,0.0,0.0,566142.89,,,,,,,XXX,F.3.3               ,第一客戶網路中心
0000,3047,115,8,5   ,81749,災害損失－搶修設備－其他,2834904.0,87534.0,164780.0,69410.0,95370.0,182904.0,0,0,,0,,-182904.0,XXX,F.3.3               ,行政管理科
0000,3047,115,8,5   ,926  ,其他費用-太陽能光電躉售電費業務成本,32702.0,266015.0,310.0,0.0,310.0,266325.0,0,7000,3804.64,34000,783.31,-232325.0,,E.3.3               ,企業客戶科
0000,3047,115,8,5   ,92853,資訊與通信產品業務成本－AWS公有雲業務－非專標案,0.0,0.0,0.0,0.0,0.0,0.0,1873000,15506000,0.0,30790000,0.0,30790000.0,XXX,D.2                 ,企業客戶科
0000,3047,115,8,5   ,92854,資訊與通信產品業務成本－Azure公有雲業務－非專標案,0.0,0.0,0.0,0.0,0.0,0.0,135000,1119000,0.0,2221000,0.0,2221000.0,XXX,D.2                 ,企業客戶科
0000,3047,115,8,5   ,92855,資訊與通信產品業務成本－GCP公有雲業務－非專標案,0.0,0.0,0.0,0.0,0.0,0.0,376000,3116000,0.0,6187000,0.0,6187000.0,XXX,D.2                 ,企業客戶科
0000,3047,115,8,5   ,92856,資訊與通信產品業務成本－M365公有雲業務－非專標案,0.0,0.0,0.0,0.0,0.0,0.0,393000,3253000,0.0,6459000,0.0,6459000.0,XXX,D.2                 ,企業客戶科
0000,3047,115,8,5   ,92882,其他企業客戶專案成本－維護企業客戶設備費－非專標案,0.0,0.0,0.0,0.0,0.0,0.0,51000,420000,0.0,834000,0.0,834000.0,XXX,D.2                 ,企業客戶科
0000,3047,115,8,5   ,92889,其他企業客戶專案成本－其他－非專標案,0.0,0.0,0.0,0.0,0.0,0.0,190000,1554000,0.0,2788000,0.0,2788000.0,XXX,D.2                 ,企業客戶科
0000,3047,115,8,5   ,929A ,其他費用－IDC專案建置成本,34599839.0,0.0,17815789.0,0.0,17815789.0,17815789.0,2654000,21974000,81.08,43632000,40.83,25816211.0,XXX,D.1                 ,企業客戶科
0000,3047,115,8,5   ,929AB,其他費用－AI機房專案建置成本,0.0,0.0,0.0,0.0,0.0,0.0,268000,2223000,0.0,4415000,0.0,4415000.0,XXX,D.1                 ,企業客戶科
0000,3047,115,8,5   ,929BE,其他費用－企業通訊及內容整合專案建置成本－商務應用整合專案建置成本,20828.0,0.0,0.0,0.0,0.0,0.0,13000,104000,0.0,208000,0.0,208000.0,XXX,D.1                 ,企業客戶科
0000,3047,115,8,5   ,929BG,其他費用－企業通訊及內容整合專案建置成本－視訊會議專案建置成本,26334.0,0.0,0.0,0.0,0.0,0.0,,,,,,,XXX,D.1                 ,企業客戶科
0000,3047,115,8,5   ,929BH,其他費用－企業通訊及內容整合專案建置成本－數位經濟多元支付專案建置成本,0.0,0.0,0.0,0.0,0.0,0.0,14000,117000,0.0,233000,0.0,233000.0,XXX,D.1                 ,企業客戶科
0000,3047,115,8,5   ,929E6,其他費用－大數據業務－大數據平台專案建置成本,0.0,450448.0,400000.0,0.0,400000.0,850448.0,1252000,10366000,8.2,20583000,4.13,19732552.0,XXX,D.1                 ,企業客戶科
0000,3047,115,8,5   ,929E7,其他費用－大數據業務－智慧網管(EyeSee)專案建置成本,0.0,4066690.0,0.0,0.0,0.0,4066690.0,161000,1334000,304.85,2650000,153.46,-1416690.0,XXX,D.1                 ,企業客戶科
0000,3047,115,8,5   ,929F ,其他營業成本－海外ICT整合服務專案建置成本,0.0,736910.0,0.0,0.0,0.0,736910.0,170000,1408000,52.34,2797000,26.35,2060090.0,XXX,D.1                 ,企業客戶科
0000,3047,115,8,5   ,929H ,其他費用－市內/數據/國際IDC機房客戶設備代管專案建置成本,541384.0,0.0,0.0,0.0,0.0,0.0,,,,,,,XXX,D.1                 ,企業客戶科
0000,3047,115,8,5   ,929IC,其他費用－衛星ICT整合服務專案建置成本－低軌相關,3498142.0,0.0,0.0,0.0,0.0,0.0,148000,1227000,0.0,2437000,0.0,2437000.0,XXX,D.1                 ,企業客戶科
0000,3047,115,8,5   ,929JB,其他費用－AI業務-雲端AIGC應用專案建置成本,0.0,0.0,0.0,0.0,0.0,0.0,107000,889000,0.0,1765000,0.0,1765000.0,XXX,D.1                 ,企業客戶科
0000,3047,115,8,5   ,929JC,其他費用－AI業務-AI開發分析平台專案建置成本,0.0,0.0,0.0,0.0,0.0,0.0,78000,646000,0.0,1281000,0.0,1281000.0,XXX,D.1                 ,企業客戶科
0000,3047,115,8,5   ,929JD,其他費用－AI業務-其他專案建置成本,0.0,3553810.0,0.0,0.0,0.0,3553810.0,56000,465000,764.26,927000,383.37,-2626810.0,XXX,D.1                 ,企業客戶科
0000,3047,115,8,5   ,9291 ,其他費用－客戶專案建置成本,20184.0,17087.0,0.0,0.0,0.0,17087.0,,,,,,,XXX,D.1                 ,企業客戶科
0000,3047,115,8,5   ,9292H,政府業務產品成本－公路監理專案及加值服務專案建置,0.0,0.0,0.0,0.0,0.0,0.0,34000,279000,0.0,555000,0.0,555000.0,XXX,D.1                 ,企業客戶科
0000,3047,115,8,5   ,9292K,政府業務產品成本－政府電子採購服務專案建置,257401.0,0.0,0.0,0.0,0.0,0.0,,,,,,,XXX,D.1                 ,企業客戶科
0000,3047,115,8,5   ,9294A,資訊與通信產品業務成本－智慧建築（IGB ) 產品成本－綜合佈線工程專案建置成本,0.0,6293.0,0.0,0.0,0.0,6293.0,62000,510000,1.23,1012000,0.62,1005707.0,XXX,D.1                 ,企業客戶科
0000,3047,115,8,5   ,9294D,資訊與通信產品業務成本－企業健康雲系統(HCS)－遠距醫療平台專案建置,0.0,3406.0,0.0,0.0,0.0,3406.0,104000,860000,0.4,1707000,0.2,1703594.0,XXX,D.1                 ,企業客戶科
0000,3047,115,8,5   ,9294F,資訊與通信產品業務成本－能源管理／專業服務之專案建置,22738423.0,622805.0,5292114.0,0.0,5292114.0,5914919.0,772000,6395000,92.49,12698000,46.58,6783081.0,XXX,D.1                 ,企業客戶科
0000,3047,115,8,5   ,9294G,資訊與通信產品業務成本－水資源專案建置,0.0,0.0,0.0,0.0,0.0,0.0,89000,737000,0.0,1464000,0.0,1464000.0,XXX,D.1                 ,企業客戶科
0000,3047,115,8,5   ,9294I,資訊與通信產品業務成本－充電樁專案建置成本,0.0,0.0,0.0,0.0,0.0,0.0,54000,449000,0.0,892000,0.0,892000.0,XXX,D.1                 ,企業客戶科
0000,3047,115,8,5   ,9294K,智慧型運輸系統（ＩＴＳ）－智慧交控專案建置成本,0.0,0.0,14377520.0,0.0,14377520.0,14377520.0,462000,3822000,376.18,7590000,189.43,-6787520.0,XXX,D.1                 ,企業客戶科
0000,3047,115,8,5   ,9294L,資訊與通信產品業務成本-智慧安防(IVS)產品線-科技執法專案建置成本,79911.0,510815.0,6715.0,0.0,6715.0,517530.0,144000,1195000,43.31,2373000,21.81,1855470.0,XXX,D.1                 ,企業客戶科
0000,3047,115,8,5   ,9294M,資訊與通信產品業務成本－太陽能光電維運,187752.0,0.0,0.0,0.0,0.0,0.0,143000,1187000,0.0,2356000,0.0,2356000.0,XXX,D.1                 ,企業客戶科
0000,3047,115,8,5   ,9294N,資訊與通信產品業務成本-智慧安防(IVS)產品線-AI科技執法專案建置成本,0.0,0.0,0.0,0.0,0.0,0.0,120000,993000,0.0,1972000,0.0,1972000.0,XXX,D.1                 ,企業客戶科
0000,3047,115,8,5   ,9294R,資訊與通信產品業務成本－資安產品－資安專業服務專安建置成本,3118.0,0.0,0.0,0.0,0.0,0.0,575000,4758000,0.0,9448000,0.0,9448000.0,XXX,D.1                 ,企業客戶科
0000,3047,115,8,5   ,9294S,資訊與通信產品業務成本－太陽能光電專案建置,65396944.91,78706852.47,9348230.44,0.0,9348230.44,88055082.91,2009000,16635000,529.34,33030000,266.59,-55025082.91,XXX,D.1                 ,企業客戶科
0000,3047,115,8,5   ,9294U,資訊與通信產品業務成本－企業健康雲系統(HCS)專案建置,579430.0,17400.0,0.0,0.0,0.0,17400.0,,,,,,,XXX,D.1                 ,企業客戶科
0000,3047,115,8,5   ,9294W,資訊與通信產品業務成本－智慧建築（IGB ) 產品成本－弱電工程專案建置成本,6459027.0,0.0,20932.0,0.0,20932.0,20932.0,1219000,10089000,0.21,20033000,0.1,20012068.0,XXX,D.1                 ,企業客戶科
0000,3047,115,8,5   ,9294X,資訊與通信產品業務成本－智慧建築（IGB ) 產品成本－機電工程專案建置成本,0.0,14398.0,0.0,0.0,0.0,14398.0,,,,,,,XXX,D.1                 ,企業客戶科
0000,3047,115,8,5   ,9294Y,資訊與通信產品業務成本－資安產品線業務專案建置成本－在地化資安專案建置成本,8051543.0,910703.0,13089099.0,0.0,13089099.0,13999802.0,1831000,15157000,92.37,30095000,46.52,16095198.0,XXX,D.1                 ,企業客戶科
0000,3047,115,8,5   ,92941,資訊與通信產品業務成本－智慧型運輸系統(ITS)－政府交通專案建置,12100.0,0.0,0.0,0.0,0.0,0.0,,,,,,,XXX,D.1                 ,企業客戶科
0000,3047,115,8,5   ,92942,資訊與通信產品業務成本－智慧節能服務（iEN）,2146092.0,1892412.0,181513.0,0.0,181513.0,2073925.0,198000,1638000,126.61,3251000,63.79,1177075.0,XXX,D.1                 ,企業客戶科
0000,3047,115,8,5   ,92944,資訊與通信產品業務成本－智慧型運輸系統(ITS)－其他專案建置,14679781.0,45896.0,0.0,0.0,0.0,45896.0,634000,5247000,0.87,10418000,0.44,10372104.0,XXX,D.1                 ,企業客戶科
0000,3047,115,8,5   ,92946,資訊與通信產品業務成本－交換機（ＰＢＸ）,5689254.0,373005.0,21012.0,0.0,21012.0,394017.0,55000,457000,86.22,908000,43.39,513983.0,XXX,D.1                 ,企業客戶科
0000,3047,115,8,5   ,92947,資訊與通信產品業務成本－智慧建築（IGB ) 產品成本－其他專案建置成本,7927976.0,3575081.0,3661645.0,0.0,3661645.0,7236726.0,764000,6328000,114.36,12563000,57.6,5326274.0,XXX,D.1                 ,企業客戶科
0000,3047,115,8,5   ,92948,資訊與通信產品業務成本－智慧安防,68440833.0,10528290.0,27085996.0,0.0,27085996.0,37614286.0,1985000,16432000,228.91,32629000,115.28,-4985286.0,XXX,D.1                 ,企業客戶科
0000,3047,115,8,5   ,92949,資訊與通信產品業務成本-資安產品-身分識別專案建置,0.0,0.0,0.0,0.0,0.0,0.0,530000,4384000,0.0,8705000,0.0,8705000.0,XXX,D.1                 ,企業客戶科
0000,3047,115,8,5   ,9295B,SaaS產品業務專案建置成本-企業資源整合(ERP)服務專案建置成本,37544.0,0.0,0.0,0.0,0.0,0.0,,,,,,,XXX,D.1                 ,企業客戶科
0000,3047,115,8,5   ,9295D,SaaS產品業務專案建置成本-其他整合包裝及服務專案建置成本,0.0,0.0,0.0,0.0,0.0,0.0,294000,2432000,0.0,4828000,0.0,4828000.0,XXX,D.1                 ,企業客戶科
0000,3047,115,8,5   ,92951,IaaS類業務-GSN客戶IaaS類業務產品成本-政府雲端專案建置成本,0.0,0.0,0.0,0.0,0.0,0.0,51000,423000,0.0,839000,0.0,839000.0,XXX,D.1                 ,企業客戶科
0000,3047,115,8,5   ,92953,AWS公有雲業務專案建置成本,152190.0,0.0,0.0,0.0,0.0,0.0,124000,1029000,0.0,2043000,0.0,2043000.0,XXX,D.1                 ,企業客戶科
0000,3047,115,8,5   ,92956,M365公有雲業務專案建置成本,0.0,12918.0,6819.0,0.0,6819.0,19737.0,,,,,,,XXX,D.1                 ,企業客戶科
0000,3047,115,8,5   ,92958,IaaS類業務-專案建置成本,14782366.0,1.0,17180242.0,0.0,17180242.0,17180243.0,397000,3286000,522.83,6526000,263.26,-10654243.0,XXX,D.1                 ,企業客戶科
0000,3047,115,8,5   ,9297L,行動ICT M化業務成本－行動訊號涵蓋工程專案建置成本,1463289.0,115433.0,0.0,0.0,0.0,115433.0,64000,528000,21.86,1048000,11.01,932567.0,XXX,D.1                 ,企業客戶科
0000,3047,115,8,5   ,9297M,行動ICT M化業務成本－行動裝置管理專案建置成本,0.0,0.0,0.0,0.0,0.0,0.0,247000,2042000,0.0,4055000,0.0,4055000.0,XXX,D.1                 ,企業客戶科
0000,3047,115,8,5   ,9297V,行動ICT M化業務成本－行動即時影像專案建置成本,8581.0,0.0,0.0,0.0,0.0,0.0,,,,,,,XXX,D.1                 ,企業客戶科
0000,3047,115,8,5   ,9297Y,行動ICT M化業務成本－其他專案建置成本,1897886.0,325358.0,9505.0,0.0,9505.0,334863.0,378000,3128000,10.71,6212000,5.39,5877137.0,XXX,D.1                 ,企業客戶科
0000,3047,115,8,5   ,92972,行動物聯網業務專案建置成本,68028.0,39070.0,5667.0,0.0,5667.0,44737.0,,,,,,,XXX,D.1                 ,企業客戶科
0000,3047,115,8,5   ,92973,行動物聯網業務－智慧停車專案建置成本,0.0,0.0,0.0,0.0,0.0,0.0,116000,962000,0.0,1909000,0.0,1909000.0,XXX,D.1                 ,企業客戶科
0000,3047,115,8,5   ,92974,行動ICT M化業務－企業專網專案建置成本,843207.0,5514667.0,0.0,0.0,0.0,5514667.0,227000,1876000,293.96,3725000,148.04,-1789667.0,XXX,D.1                 ,企業客戶科
0000,3047,115,8,5   ,9298A,其他企業客戶專案成本－郵費,0.0,0.0,0.0,0.0,0.0,0.0,33000,274000,0.0,544000,0.0,544000.0,XXX,D.2                 ,企業客戶科
0000,3047,115,8,5   ,92981,其他企業客戶專案成本－企業客戶端設備攤銷費,7008233.71,4154289.52,592003.86,0.0,592003.86,4746293.38,28000,231000,2054.67,459000,1034.05,-4287293.38,XXX,D.2                 ,企業客戶科
0000,3047,115,8,5   ,92982,其他企業客戶專案成本－維運備品費,5917.0,20528.0,0.0,0.0,0.0,20528.0,,,,,,,XXX,D.2                 ,企業客戶科
0000,3047,115,8,5   ,92984,其他企業客戶專案成本－人力費用－薪資及加班費,0.0,50772.0,0.0,0.0,0.0,50772.0,,,,,,,XXX,D.2                 ,企業客戶科
0000,3047,115,8,5   ,92985,其他企業客戶專案成本－人力費用－其他用人費用,442.0,0.0,0.0,0.0,0.0,0.0,,,,,,,XXX,D.2                 ,企業客戶科
0000,3047,115,8,5   ,92986,其他企業客戶專案成本－廠商成本,2216217.0,2146730.0,235558.0,2571.0,232987.0,2379717.0,1694000,14043000,16.95,28196000,8.44,25816283.0,XXX,D.2                 ,企業客戶科
0000,3047,115,8,5   ,92987,其他企業客戶專案成本－保固及售後服務費,0.0,0.0,0.0,0.0,0.0,0.0,20000,166000,0.0,330000,0.0,330000.0,XXX,D.2                 ,企業客戶科
0000,3047,115,8,5   ,92989,其他企業客戶專案成本－其他,9194441.0,19748105.0,40931425.0,2.0,40931423.0,60679528.0,641000,5301000,1144.68,10514000,577.13,-50165528.0,XXX,D.2                 ,企業客戶科
0000,3047,115,8,5   ,9299A,其他費用－Apple軟體商店,2184319.0,1517401.0,0.0,187254.0,-187254.0,1330147.0,126000,1195000,111.31,2313000,57.51,982853.0,,F.3.3               ,服務中心
0000,3047,115,8,5   ,9299B,其他費用－Google Play,1153339.0,660517.0,0.0,86962.0,-86962.0,573555.0,20000,991000,57.88,1330000,43.12,756445.0,,F.3.3               ,服務中心
0000,3047,115,8,5   ,9299C,其他費用－行動電信帳單代收Netflix款項,223460.0,127218.0,0.0,0.0,0.0,127218.0,10000,119000,106.91,201000,63.29,73782.0,,F.3.3               ,服務中心
0000,3047,115,8,5   ,9299D,其他費用－手機代收停車費,196.0,93.0,0.0,0.0,0.0,93.0,0,0,,0,,-93.0,,F.3.3               ,企業客戶科
0000,3047,115,8,5   ,9299F,其他費用－數據業務代收Netflix款項,0.0,-962.0,0.0,0.0,0.0,-962.0,,,,,,,,F.3.3               ,服務中心
0000,3047,115,8,5   ,9299G,其他費用－固網業務代收Netflix款項,-71907.0,-85008.0,7655.0,0.0,7655.0,-77353.0,4000,32000,-241.73,52000,-148.76,129353.0,,F.3.3               ,服務中心
0000,3047,115,8,5   ,9299K,其他費用－MOD,-107.0,-246.0,0.0,0.0,0.0,-246.0,0,0,,0,,246.0,,F.3.3               ,服務中心
0000,3047,115,8,5   ,9299L,其他費用－OTT影視業務,191.0,146.0,0.0,1.0,-1.0,145.0,0,0,,0,,-145.0,,F.3.3               ,服務中心
0000,3047,115,8,5   ,9299M,其他費用－行動促案代收Netflix款項,-93200.0,31946.0,6670.0,0.0,6670.0,38616.0,,,,,,,,F.3.3               ,服務中心
0000,3047,115,8,5   ,9299O,其他費用－Sony Play Station,0.0,16354.0,0.0,0.0,0.0,16354.0,1000,1000,1635.4,2000,817.7,-14354.0,,F.3.3               ,服務中心
0000,3047,115,8,5   ,9299P,其他費用－Spotify,0.0,504.0,0.0,0.0,0.0,504.0,,,,,,,,F.3.3               ,企業客戶科
0000,3047,115,8,5   ,9299Z,其他費用－其他,0.0,0.56,0.0,0.0,0.0,0.56,,,,,,,,F.3.3               ,行政管理科
